Date,Close
18.07.2010,0.0858
19.07.2010,0.0808
20.07.2010,0.0747
21.07.2010,0.0792
22.07.2010,0.0585
23.07.2010,0.0606
24.07.2010,0.0545
25.07.2010,0.0505
26.07.2010,0.056
27.07.2010,0.0586
28.07.2010,0.0589
29.07.2010,0.0699
30.07.2010,0.0647
31.07.2010,0.0675
01.08.2010,0.0611
02.08.2010,0.06
03.08.2010,0.06
04.08.2010,0.057
05.08.2010,0.061
06.08.2010,0.0617
07.08.2010,0.059
08.08.2010,0.0609
09.08.2010,0.0704
10.08.2010,0.0693
11.08.2010,0.067
12.08.2010,0.07
13.08.2010,0.0645
14.08.2010,0.067
15.08.2010,0.0651
16.08.2010,0.0655
17.08.2010,0.07
18.08.2010,0.068
19.08.2010,0.0667
20.08.2010,0.0655
21.08.2010,0.0664
22.08.2010,0.0659
23.08.2010,0.0649
24.08.2010,0.065
25.08.2010,0.0648
26.08.2010,0.0641
27.08.2010,0.065
28.08.2010,0.0646
29.08.2010,0.064
30.08.2010,0.065
31.08.2010,0.06
01.09.2010,0.062
02.09.2010,0.0634
03.09.2010,0.0609
04.09.2010,0.0622
05.09.2010,0.0617
06.09.2010,0.0616
07.09.2010,0.0612
08.09.2010,0.061
09.09.2010,0.0611
10.09.2010,0.061
11.09.2010,0.0636
12.09.2010,0.0615
13.09.2010,0.0622
14.09.2010,0.062
15.09.2010,0.0604
16.09.2010,0.0619
17.09.2010,0.06
18.09.2010,0.061
19.09.2010,0.0627
20.09.2010,0.0621
21.09.2010,0.0627
22.09.2010,0.0619
23.09.2010,0.0622
24.09.2010,0.0622
25.09.2010,0.062
26.09.2010,0.062
27.09.2010,0.0622
28.09.2010,0.0619
29.09.2010,0.0619
30.09.2010,0.0619
01.10.2010,0.062
02.10.2010,0.0614
03.10.2010,0.0611
04.10.2010,0.0613
05.10.2010,0.0614
06.10.2010,0.0628
07.10.2010,0.067
08.10.2010,0.0845
09.10.2010,0.0938
10.10.2010,0.0971
11.10.2010,0.095
12.10.2010,0.0949
13.10.2010,0.1049
14.10.2010,0.102
15.10.2010,0.105
16.10.2010,0.101
17.10.2010,0.102
18.10.2010,0.1024
19.10.2010,0.0975
20.10.2010,0.099
21.10.2010,0.107
22.10.2010,0.1025
23.10.2010,0.1046
24.10.2010,0.115
25.10.2010,0.1391
26.10.2010,0.151
27.10.2010,0.1877
28.10.2010,0.1731
29.10.2010,0.19
30.10.2010,0.1976
31.10.2010,0.1925
01.11.2010,0.1945
02.11.2010,0.1938
03.11.2010,0.1931
04.11.2010,0.2293
05.11.2010,0.2591
06.11.2010,0.401
07.11.2010,0.34
08.11.2010,0.2432
09.11.2010,0.2173
10.11.2010,0.2295
11.11.2010,0.2231
12.11.2010,0.2682
13.11.2010,0.276
14.11.2010,0.279
15.11.2010,0.2685
16.11.2010,0.225
17.11.2010,0.2419
18.11.2010,0.2691
19.11.2010,0.2783
20.11.2010,0.283
21.11.2010,0.2768
22.11.2010,0.285
23.11.2010,0.283
24.11.2010,0.2829
25.11.2010,0.28
26.11.2010,0.2844
27.11.2010,0.283
28.11.2010,0.2714
29.11.2010,0.2306
30.11.2010,0.2082
01.12.2010,0.2275
02.12.2010,0.255
03.12.2010,0.2511
04.12.2010,0.205
05.12.2010,0.2029
06.12.2010,0.204
07.12.2010,0.2334
08.12.2010,0.2388
09.12.2010,0.2
10.12.2010,0.204
11.12.2010,0.228
12.12.2010,0.2199
13.12.2010,0.2276
14.12.2010,0.2467
15.12.2010,0.24
16.12.2010,0.25
17.12.2010,0.2427
18.12.2010,0.241
19.12.2010,0.2401
20.12.2010,0.267
21.12.2010,0.2414
22.12.2010,0.25
23.12.2010,0.25
24.12.2010,0.248
25.12.2010,0.2499
26.12.2010,0.265
27.12.2010,0.2648
28.12.2010,0.281
29.12.2010,0.3
30.12.2010,0.3
31.12.2010,0.3
01.01.2011,0.3
02.01.2011,0.3
03.01.2011,0.295
04.01.2011,0.299
05.01.2011,0.2989
06.01.2011,0.298
07.01.2011,0.32
08.01.2011,0.3229
09.01.2011,0.323
10.01.2011,0.3266
11.01.2011,0.3266
12.01.2011,0.3188
13.01.2011,0.3176
14.01.2011,0.4
15.01.2011,0.386
16.01.2011,0.3868
17.01.2011,0.3495
18.01.2011,0.313
19.01.2011,0.313
20.01.2011,0.39
21.01.2011,0.4199
22.01.2011,0.44
23.01.2011,0.4424
24.01.2011,0.4199
25.01.2011,0.41
26.01.2011,0.4151
27.01.2011,0.4212
28.01.2011,0.4445
29.01.2011,0.439
30.01.2011,0.4771
31.01.2011,0.5251
01.02.2011,0.7075
02.02.2011,0.7254
03.02.2011,0.6939
04.02.2011,0.811
05.02.2011,0.9117
06.02.2011,0.898
07.02.2011,0.8894
08.02.2011,0.918
09.02.2011,1.0161
10.02.2011,0.9797
11.02.2011,1.0541
12.02.2011,1.0787
13.02.2011,1.05
14.02.2011,1.07
15.02.2011,1.05
16.02.2011,1.0317
17.02.2011,1.0399
18.02.2011,0.899
19.02.2011,0.944
20.02.2011,0.865
21.02.2011,0.8357
22.02.2011,0.877
23.02.2011,0.9
24.02.2011,0.9891
25.02.2011,0.9147
26.02.2011,0.958
27.02.2011,0.895
28.02.2011,0.8602
01.03.2011,0.9211
02.03.2011,0.9399
03.03.2011,0.9391
04.03.2011,0.9011
05.03.2011,0.9078
06.03.2011,0.8848
07.03.2011,0.8776
08.03.2011,0.8661
09.03.2011,0.86
10.03.2011,0.9207
11.03.2011,0.88
12.03.2011,0.9178
13.03.2011,0.8925
14.03.2011,0.8939
15.03.2011,0.8722
16.03.2011,0.8512
17.03.2011,0.8254
18.03.2011,0.802
19.03.2011,0.765
20.03.2011,0.7415
21.03.2011,0.759
22.03.2011,0.8091
23.03.2011,0.8497
24.03.2011,0.8724
25.03.2011,0.8838
26.03.2011,0.8552
27.03.2011,0.822
28.03.2011,0.7947
29.03.2011,0.7925
30.03.2011,0.7897
31.03.2011,0.7846
01.04.2011,0.7741
02.04.2011,0.782
03.04.2011,0.779
04.04.2011,0.68
05.04.2011,0.7157
06.04.2011,0.74
07.04.2011,0.7538
08.04.2011,0.75
09.04.2011,0.7341
10.04.2011,0.7332
11.04.2011,0.7701
12.04.2011,0.8614
13.04.2011,0.9303
14.04.2011,0.9986
15.04.2011,0.9837
16.04.2011,1.0466
17.04.2011,1.0981
18.04.2011,1.1494
19.04.2011,1.1852
20.04.2011,1.1421
21.04.2011,1.2073
22.04.2011,1.4045
23.04.2011,1.8289
24.04.2011,1.632
25.04.2011,1.5645
26.04.2011,1.7708
27.04.2011,1.9032
28.04.2011,2.2857
29.04.2011,2.8506
30.04.2011,3.5
01.05.2011,3.0942
02.05.2011,3.2
03.05.2011,3.3606
04.05.2011,3.4087
05.05.2011,3.3437
06.05.2011,3.4551
07.05.2011,3.6413
08.05.2011,3.8487
09.05.2011,3.8041
10.05.2011,5.6517
11.05.2011,5.4398
12.05.2011,6.3349
13.05.2011,8.139
14.05.2011,7.0072
15.05.2011,6.9249
16.05.2011,7.8851
17.05.2011,7.2572
18.05.2011,6.7632
19.05.2011,6.8901
20.05.2011,5.6181
21.05.2011,6.0848
22.05.2011,6.712
23.05.2011,7.0653
24.05.2011,7.4027
25.05.2011,8.5693
26.05.2011,8.7822
27.05.2011,8.5287
28.05.2011,8.3493
29.05.2011,8.401
30.05.2011,8.7793
31.05.2011,8.7216
01.06.2011,9.6238
02.06.2011,10.7028
03.06.2011,14.2646
04.06.2011,18.3127
05.06.2011,16.5433
06.06.2011,18.4021
07.06.2011,23.2379
08.06.2011,29.0299
09.06.2011,28.7905
10.06.2011,24.0494
11.06.2011,14.7497
12.06.2011,18.8501
13.06.2011,19.5423
14.06.2011,19.2577
15.06.2011,19.4641
16.06.2011,17.9294
17.06.2011,15.4364
18.06.2011,16.8754
19.06.2011,17.5107
20.06.2011,17.5107
21.06.2011,17.5107
22.06.2011,17.5107
23.06.2011,17.5107
24.06.2011,17.5107
25.06.2011,17.5107
26.06.2011,16.3613
27.06.2011,16.7523
28.06.2011,16.9618
29.06.2011,16.8546
30.06.2011,16.1853
01.07.2011,15.4204
02.07.2011,15.3828
03.07.2011,15.4576
04.07.2011,13.8528
05.07.2011,12.9648
06.07.2011,14.7148
07.07.2011,14.7973
08.07.2011,14.299
09.07.2011,14.3815
10.07.2011,14.6229
11.07.2011,14.3102
12.07.2011,14.0213
13.07.2011,13.9715
14.07.2011,13.998
15.07.2011,13.8064
16.07.2011,13.7131
17.07.2011,13.2581
18.07.2011,13.6305
19.07.2011,13.8248
20.07.2011,13.6783
21.07.2011,13.6118
22.07.2011,13.6985
23.07.2011,13.6817
24.07.2011,13.9925
25.07.2011,14.0334
26.07.2011,13.878
27.07.2011,13.8782
28.07.2011,13.4916
29.07.2011,13.5123
30.07.2011,13.5403
31.07.2011,13.3729
01.08.2011,13.0191
02.08.2011,12.2142
03.08.2011,9.2864
04.08.2011,10.7685
05.08.2011,9.7302
06.08.2011,6.9642
07.08.2011,8.5018
08.08.2011,7.7753
09.08.2011,9.8025
10.08.2011,10.0513
11.08.2011,9.4384
12.08.2011,9.453
13.08.2011,10.004
14.08.2011,10.8068
15.08.2011,11.1307
16.08.2011,10.992
17.08.2011,10.964
18.08.2011,10.8585
19.08.2011,11.6705
20.08.2011,11.4597
21.08.2011,11.3545
22.08.2011,10.9209
23.08.2011,10.9172
24.08.2011,10.8704
25.08.2011,9.5461
26.08.2011,8.1269
27.08.2011,8.5965
28.08.2011,9.0309
29.08.2011,8.9612
30.08.2011,8.8099
31.08.2011,8.1992
01.09.2011,8.2343
02.09.2011,8.6214
03.09.2011,8.4497
04.09.2011,8.2035
05.09.2011,7.5973
06.09.2011,6.8465
07.09.2011,7.163
08.09.2011,6.6782
09.09.2011,4.9868
10.09.2011,4.7428
11.09.2011,5.8529
12.09.2011,6.0906
13.09.2011,5.8025
14.09.2011,5.5974
15.09.2011,4.8678
16.09.2011,4.8312
17.09.2011,4.7753
18.09.2011,5.2367
19.09.2011,5.5204
20.09.2011,6.1467
21.09.2011,5.5971
22.09.2011,5.475
23.09.2011,5.5634
24.09.2011,5.4579
25.09.2011,5.3412
26.09.2011,4.8738
27.09.2011,4.9112
28.09.2011,4.7634
29.09.2011,4.7777
30.09.2011,5.1437
01.10.2011,5.0341
02.10.2011,5.0071
03.10.2011,5.0228
04.10.2011,4.9568
05.10.2011,4.8851
06.10.2011,4.7302
07.10.2011,4.276
08.10.2011,3.9813
09.10.2011,4.1116
10.10.2011,4.075
11.10.2011,4.0089
12.10.2011,4.1662
13.10.2011,4.037
14.10.2011,3.9863
15.10.2011,3.8373
16.10.2011,3.6097
17.10.2011,2.5812
18.10.2011,2.4223
19.10.2011,2.2173
20.10.2011,2.3561
21.10.2011,2.5701
22.10.2011,3.1555
23.10.2011,3.1478
24.10.2011,2.5229
25.10.2011,2.8019
26.10.2011,2.7775
27.10.2011,3.0454
28.10.2011,3.1796
29.10.2011,3.5692
30.10.2011,3.2574
31.10.2011,3.2651
01.11.2011,3.171
02.11.2011,3.2558
03.11.2011,3.1683
04.11.2011,3.1201
05.11.2011,2.9778
06.11.2011,2.9627
07.11.2011,3.0178
08.11.2011,3.0566
09.11.2011,2.9196
10.11.2011,2.8567
11.11.2011,3.0679
12.11.2011,3.0255
13.11.2011,2.9864
14.11.2011,2.2242
15.11.2011,2.3224
16.11.2011,2.5468
17.11.2011,2.2791
18.11.2011,2.1051
19.11.2011,2.2035
20.11.2011,2.202
21.11.2011,2.2799
22.11.2011,2.3225
23.11.2011,2.3303
24.11.2011,2.4389
25.11.2011,2.4962
26.11.2011,2.4718
27.11.2011,2.4776
28.11.2011,2.5412
29.11.2011,2.7577
30.11.2011,2.966
01.12.2011,3.0826
02.12.2011,3.1004
03.12.2011,2.8039
04.12.2011,2.8197
05.12.2011,2.8748
06.12.2011,3.0254
07.12.2011,2.9855
08.12.2011,2.9919
09.12.2011,2.9558
10.12.2011,3.069
11.12.2011,3.2493
12.12.2011,3.1873
13.12.2011,3.2411
14.12.2011,3.1551
15.12.2011,3.2031
16.12.2011,3.2091
17.12.2011,3.1925
18.12.2011,3.194
19.12.2011,3.5258
20.12.2011,3.9526
21.12.2011,3.889
22.12.2011,3.9031
23.12.2011,3.938
24.12.2011,3.9394
25.12.2011,4.2339
26.12.2011,3.9991
27.12.2011,4.0955
28.12.2011,4.2073
29.12.2011,4.1734
30.12.2011,4.3106
31.12.2011,4.7143
01.01.2012,5.2948
02.01.2012,5.2049
03.01.2012,4.8705
04.01.2012,5.5857
05.01.2012,6.874
06.01.2012,6.6833
07.01.2012,6.7962
08.01.2012,7.0967
09.01.2012,6.2885
10.01.2012,6.5285
11.01.2012,6.8891
12.01.2012,6.7736
13.01.2012,6.4544
14.01.2012,6.7617
15.01.2012,7.0469
16.01.2012,6.7156
17.01.2012,5.5996
18.01.2012,5.9002
19.01.2012,6.3157
20.01.2012,6.5015
21.01.2012,6.1806
22.01.2012,6.303
23.01.2012,6.3749
24.01.2012,6.2745
25.01.2012,5.8105
26.01.2012,5.3672
27.01.2012,5.3031
28.01.2012,5.6598
29.01.2012,5.3914
30.01.2012,5.5035
31.01.2012,5.5382
01.02.2012,6.0752
02.02.2012,6.0996
03.02.2012,5.9516
04.02.2012,5.8954
05.02.2012,5.6781
06.02.2012,5.4827
07.02.2012,5.662
08.02.2012,5.6185
09.02.2012,5.8357
10.02.2012,5.9378
11.02.2012,5.6121
12.02.2012,5.5191
13.02.2012,5.3484
14.02.2012,4.4837
15.02.2012,4.3255
16.02.2012,4.2552
17.02.2012,4.3915
18.02.2012,4.2701
19.02.2012,4.3896
20.02.2012,4.3651
21.02.2012,4.3151
22.02.2012,4.4193
23.02.2012,5.0395
24.02.2012,5.0256
25.02.2012,4.7726
26.02.2012,4.9264
27.02.2012,4.9525
28.02.2012,4.8573
29.02.2012,4.8727
01.03.2012,4.9221
02.03.2012,4.7148
03.03.2012,4.6282
04.03.2012,4.8341
05.03.2012,4.9824
06.03.2012,4.9878
07.03.2012,4.9491
08.03.2012,4.935
09.03.2012,4.8723
10.03.2012,4.8414
11.03.2012,4.892
12.03.2012,4.9108
13.03.2012,5.2909
14.03.2012,5.3905
15.03.2012,5.3408
16.03.2012,5.3396
17.03.2012,5.236
18.03.2012,5.2701
19.03.2012,4.6787
20.03.2012,4.8308
21.03.2012,4.8172
22.03.2012,4.7296
23.03.2012,4.6916
24.03.2012,4.652
25.03.2012,4.5523
26.03.2012,4.6327
27.03.2012,4.8113
28.03.2012,4.7906
29.03.2012,4.7941
30.03.2012,4.8614
31.03.2012,4.8898
01.04.2012,4.7933
02.04.2012,4.983
03.04.2012,4.9562
04.04.2012,4.9178
05.04.2012,4.9208
06.04.2012,4.9491
07.04.2012,4.7097
08.04.2012,4.7788
09.04.2012,4.8525
10.04.2012,4.8414
11.04.2012,4.9153
12.04.2012,4.9012
13.04.2012,4.9344
14.04.2012,4.9564
15.04.2012,4.9616
16.04.2012,4.9508
17.04.2012,4.9687
18.04.2012,5.1244
19.04.2012,5.1309
20.04.2012,5.3665
21.04.2012,5.2826
22.04.2012,5.1956
23.04.2012,5.1109
24.04.2012,5.0879
25.04.2012,5.1488
26.04.2012,5.0974
27.04.2012,5.0959
28.04.2012,4.9707
29.04.2012,4.9026
30.04.2012,4.9421
01.05.2012,4.9871
02.05.2012,5.0534
03.05.2012,5.1189
04.05.2012,5.0855
05.05.2012,5.0566
06.05.2012,5.0478
07.05.2012,5.0676
08.05.2012,5.0235
09.05.2012,5.0413
10.05.2012,4.9275
11.05.2012,4.9637
12.05.2012,4.9465
13.05.2012,4.9448
14.05.2012,5.0114
15.05.2012,5.0336
16.05.2012,5.0878
17.05.2012,5.0897
18.05.2012,5.1183
19.05.2012,5.1125
20.05.2012,5.0942
21.05.2012,5.0942
22.05.2012,5.0891
23.05.2012,5.1289
24.05.2012,5.1192
25.05.2012,5.1373
26.05.2012,5.104
27.05.2012,5.1346
28.05.2012,5.1363
29.05.2012,5.1485
30.05.2012,5.1383
31.05.2012,5.1816
01.06.2012,5.2669
02.06.2012,5.2436
03.06.2012,5.2127
04.06.2012,5.2588
05.06.2012,5.426
06.06.2012,5.4462
07.06.2012,5.5872
08.06.2012,5.6225
09.06.2012,5.557
10.06.2012,5.4579
11.06.2012,5.587
12.06.2012,5.7275
13.06.2012,5.9093
14.06.2012,5.962
15.06.2012,6.5234
16.06.2012,6.4442
17.06.2012,6.2
18.06.2012,6.3108
19.06.2012,6.4948
20.06.2012,6.6936
21.06.2012,6.6723
22.06.2012,6.5638
23.06.2012,6.4475
24.06.2012,6.3505
25.06.2012,6.3175
26.06.2012,6.4329
27.06.2012,6.6157
28.06.2012,6.5901
29.06.2012,6.6588
30.06.2012,6.6804
01.07.2012,6.6269
02.07.2012,6.7435
03.07.2012,6.45
04.07.2012,6.5148
05.07.2012,6.6424
06.07.2012,6.6722
07.07.2012,6.8083
08.07.2012,6.7963
09.07.2012,7.0324
10.07.2012,7.1786
11.07.2012,7.1851
12.07.2012,7.5559
13.07.2012,7.6309
14.07.2012,7.5801
15.07.2012,7.6272
16.07.2012,8.4934
17.07.2012,8.752
18.07.2012,9.0952
19.07.2012,8.8795
20.07.2012,8.5325
21.07.2012,8.8756
22.07.2012,8.5066
23.07.2012,8.5312
24.07.2012,8.5746
25.07.2012,8.7693
26.07.2012,8.8758
27.07.2012,8.8915
28.07.2012,8.8426
29.07.2012,8.7477
30.07.2012,9.0883
31.07.2012,9.321
01.08.2012,9.568
02.08.2012,10.551
03.08.2012,10.9159
04.08.2012,10.9197
05.08.2012,10.8051
06.08.2012,10.8694
07.08.2012,10.9413
08.08.2012,11.0704
09.08.2012,11.1037
10.08.2012,11.4476
11.08.2012,11.5425
12.08.2012,11.5926
13.08.2012,11.985
14.08.2012,12.1871
15.08.2012,13.1701
16.08.2012,13.4508
17.08.2012,12.077
18.08.2012,11.5775
19.08.2012,7.8306
20.08.2012,9.9799
21.08.2012,9.903
22.08.2012,9.7726
23.08.2012,10.0887
24.08.2012,10.594
25.08.2012,10.5837
26.08.2012,10.5455
27.08.2012,10.9004
28.08.2012,10.933
29.08.2012,10.8678
30.08.2012,10.7277
31.08.2012,10.1024
01.09.2012,10.0065
02.09.2012,10.2261
03.09.2012,10.4971
04.09.2012,10.364
05.09.2012,11.0255
06.09.2012,11.1608
07.09.2012,11.0761
08.09.2012,11.0433
09.09.2012,11.0621
10.09.2012,11.1253
11.09.2012,11.2681
12.09.2012,11.3153
13.09.2012,11.3803
14.09.2012,11.7301
15.09.2012,11.7184
16.09.2012,11.8869
17.09.2012,11.9083
18.09.2012,12.2597
19.09.2012,12.5049
20.09.2012,12.3672
21.09.2012,12.3337
22.09.2012,12.2137
23.09.2012,12.1655
24.09.2012,12.1136
25.09.2012,12.1824
26.09.2012,12.3198
27.09.2012,12.3188
28.09.2012,12.3815
29.09.2012,12.4048
30.09.2012,12.3916
01.10.2012,12.3894
02.10.2012,12.8072
03.10.2012,12.9554
04.10.2012,12.8624
05.10.2012,12.7522
06.10.2012,12.5051
07.10.2012,11.874
08.10.2012,11.7333
09.10.2012,11.8287
10.10.2012,12.1092
11.10.2012,12.0676
12.10.2012,12.0281
13.10.2012,11.9268
14.10.2012,11.6506
15.10.2012,11.9083
16.10.2012,11.848
17.10.2012,11.9194
18.10.2012,11.9259
19.10.2012,11.7575
20.10.2012,11.6944
21.10.2012,11.6574
22.10.2012,11.7411
23.10.2012,11.7078
24.10.2012,11.6344
25.10.2012,10.7536
26.10.2012,10.1306
27.10.2012,10.4582
28.10.2012,10.71
29.10.2012,10.6307
30.10.2012,10.8593
31.10.2012,11.1461
01.11.2012,10.6135
02.11.2012,10.5305
03.11.2012,10.6507
04.11.2012,10.7969
05.11.2012,10.7408
06.11.2012,10.8682
07.11.2012,10.9541
08.11.2012,10.8927
09.11.2012,10.8159
10.11.2012,10.8633
11.11.2012,10.8418
12.11.2012,11.0313
13.11.2012,10.998
14.11.2012,10.959
15.11.2012,11.1751
16.11.2012,11.705
17.11.2012,11.75
18.11.2012,11.6656
19.11.2012,11.7505
20.11.2012,11.6992
21.11.2012,11.7291
22.11.2012,12.292
23.11.2012,12.2803
24.11.2012,12.4132
25.11.2012,12.5297
26.11.2012,12.1846
27.11.2012,12.1593
28.11.2012,12.3317
29.11.2012,12.4977
30.11.2012,12.5861
01.12.2012,12.5924
02.12.2012,12.4979
03.12.2012,12.657
04.12.2012,13.3696
05.12.2012,13.3128
06.12.2012,13.4779
07.12.2012,13.4773
08.12.2012,13.5
09.12.2012,13.3465
10.12.2012,13.4923
11.12.2012,13.6154
12.12.2012,13.6682
13.12.2012,13.7553
14.12.2012,13.6009
15.12.2012,13.5309
16.12.2012,13.3329
17.12.2012,13.3201
18.12.2012,13.272
19.12.2012,13.5385
20.12.2012,13.57
21.12.2012,13.429
22.12.2012,13.4272
23.12.2012,13.3181
24.12.2012,13.4267
25.12.2012,13.3656
26.12.2012,13.4547
27.12.2012,13.3993
28.12.2012,13.4555
29.12.2012,13.374
30.12.2012,13.445
31.12.2012,13.5456
01.01.2013,13.3314
02.01.2013,13.2806
03.01.2013,13.3841
04.01.2013,13.4517
05.01.2013,13.4594
06.01.2013,13.5045
07.01.2013,13.5561
08.01.2013,13.7804
09.01.2013,13.821
10.01.2013,14.1232
11.01.2013,14.2276
12.01.2013,14.2143
13.01.2013,14.1608
14.01.2013,14.318
15.01.2013,14.3136
16.01.2013,14.7078
17.01.2013,15.5986
18.01.2013,15.7158
19.01.2013,15.5881
20.01.2013,15.7196
21.01.2013,16.781
22.01.2013,17.3002
23.01.2013,17.5364
24.01.2013,16.9011
25.01.2013,17.4072
26.01.2013,17.5536
27.01.2013,17.8646
28.01.2013,18.7943
29.01.2013,19.5147
30.01.2013,19.7374
31.01.2013,20.5116
01.02.2013,20.4431
02.02.2013,19.6359
03.02.2013,20.5789
04.02.2013,20.4405
05.02.2013,20.6593
06.02.2013,21.2086
07.02.2013,22.1178
08.02.2013,22.7874
09.02.2013,23.7339
10.02.2013,23.9003
11.02.2013,24.4973
12.02.2013,24.9797
13.02.2013,24.6417
14.02.2013,27.2824
15.02.2013,27.1713
16.02.2013,27.3462
17.02.2013,26.9273
18.02.2013,26.9289
19.02.2013,29.4136
20.02.2013,29.8198
21.02.2013,29.8181
22.02.2013,30.4727
23.02.2013,29.8065
24.02.2013,29.8828
25.02.2013,30.352
26.02.2013,31.1555
27.02.2013,31.2403
28.02.2013,33.3753
01.03.2013,34.6063
02.03.2013,34.1435
03.03.2013,34.4517
04.03.2013,36.3763
05.03.2013,40.673
06.03.2013,43.285
07.03.2013,41.9474
08.03.2013,43.9029
09.03.2013,46.8886
10.03.2013,46.066
11.03.2013,48.2751
12.03.2013,44.4135
13.03.2013,47.0162
14.03.2013,46.9256
15.03.2013,46.9025
16.03.2013,47.157
17.03.2013,47.3335
18.03.2013,51.3654
19.03.2013,59.4986
20.03.2013,63.6875
21.03.2013,70.9175
22.03.2013,69.8461
23.03.2013,64.3831
24.03.2013,71.6904
25.03.2013,74.3141
26.03.2013,78.6142
27.03.2013,88.8521
28.03.2013,87.6732
29.03.2013,90.2957
30.03.2013,92.19
31.03.2013,93.8992
01.04.2013,103.5803
02.04.2013,116.6799
03.04.2013,131.3848
04.04.2013,133.0071
05.04.2013,142.6261
06.04.2013,143.0818
07.04.2013,162.8522
08.04.2013,186.3512
09.04.2013,230.683
10.04.2013,161.1929
11.04.2013,82.9016
12.04.2013,111.4764
13.04.2013,97.6091
14.04.2013,88.8615
15.04.2013,80.8747
16.04.2013,68.2831
17.04.2013,92.864
18.04.2013,108.6283
19.04.2013,119.0123
20.04.2013,128.2083
21.04.2013,118.4832
22.04.2013,126.3143
23.04.2013,142.1272
24.04.2013,154.1333
25.04.2013,141.0087
26.04.2013,137.2096
27.04.2013,128.2267
28.04.2013,134.6236
29.04.2013,143.8104
30.04.2013,139.1296
01.05.2013,116.1138
02.05.2013,106.341
03.05.2013,96.3168
04.05.2013,112.4976
05.05.2013,116.4887
06.05.2013,112.1186
07.05.2013,111.6092
08.05.2013,113.1361
09.05.2013,111.9745
10.05.2013,117.691
11.05.2013,115.4998
12.05.2013,114.8857
13.05.2013,117.4045
14.05.2013,107.8656
15.05.2013,108.9869
16.05.2013,112.9179
17.05.2013,117.2846
18.05.2013,118.1699
19.05.2013,117.0339
20.05.2013,117.8186
21.05.2013,117.252
22.05.2013,118.9782
23.05.2013,123.7262
24.05.2013,128.9711
25.05.2013,128.8449
26.05.2013,130.1586
27.05.2013,126.3929
28.05.2013,125.9046
29.05.2013,129.5648
30.05.2013,126.5131
31.05.2013,127.8165
01.06.2013,128.7912
02.06.2013,122.6267
03.06.2013,122.9492
04.06.2013,120.19
05.06.2013,120.8699
06.06.2013,119.054
07.06.2013,110.1977
08.06.2013,109.1785
09.06.2013,99.9036
10.06.2013,104.3576
11.06.2013,107.5075
12.06.2013,106.3781
13.06.2013,101.3239
14.06.2013,99.2132
15.06.2013,99.875
16.06.2013,99.0384
17.06.2013,100.1263
18.06.2013,104.2892
19.06.2013,104.4172
20.06.2013,104.3235
21.06.2013,101.4169
22.06.2013,100.0395
23.06.2013,100.3147
24.06.2013,99.0457
25.06.2013,97.8328
26.06.2013,98.6517
27.06.2013,96.8039
28.06.2013,89.4245
29.06.2013,88.7973
30.06.2013,89.4809
01.07.2013,82.8676
02.07.2013,87.8165
03.07.2013,77.6913
04.07.2013,79.1349
05.07.2013,67.4476
06.07.2013,66.3417
07.07.2013,72.1095
08.07.2013,73.9886
09.07.2013,74.8919
10.07.2013,85.0137
11.07.2013,87.4975
12.07.2013,90.0467
13.07.2013,91.5926
14.07.2013,89.8923
15.07.2013,93.7962
16.07.2013,91.781
17.07.2013,91.0314
18.07.2013,84.9617
19.07.2013,86.2388
20.07.2013,84.9109
21.07.2013,85.6644
22.07.2013,85.649
23.07.2013,86.9771
24.07.2013,88.1517
25.07.2013,90.1661
26.07.2013,89.984
27.07.2013,88.1653
28.07.2013,92.7458
29.07.2013,93.2987
30.07.2013,96.6596
31.07.2013,98.0244
01.08.2013,96.568
02.08.2013,96.0745
03.08.2013,95.5067
04.08.2013,96.3655
05.08.2013,97.5271
06.08.2013,97.6712
07.08.2013,97.0542
08.08.2013,94.2573
09.08.2013,92.4728
10.08.2013,93.2936
11.08.2013,94.2713
12.08.2013,95.4465
13.08.2013,97.7591
14.08.2013,99.1213
15.08.2013,98.1063
16.08.2013,98.291
17.08.2013,99.6305
18.08.2013,99.178
19.08.2013,102.784
20.08.2013,104.5002
21.08.2013,110.8016
22.08.2013,109.5232
23.08.2013,107.6976
24.08.2013,108.8827
25.08.2013,113.0826
26.08.2013,112.1181
27.08.2013,117.7598
28.08.2013,118.3174
29.08.2013,118.8356
30.08.2013,124.8854
31.08.2013,128.378
01.09.2013,130.5364
02.09.2013,129.5654
03.09.2013,129.1828
04.09.2013,122.5292
05.09.2013,122.3701
06.09.2013,117.8611
07.09.2013,119.815
08.09.2013,118.0574
09.09.2013,121.2593
10.09.2013,122.2155
11.09.2013,127.0882
12.09.2013,126.7807
13.09.2013,127.4077
14.09.2013,124.3485
15.09.2013,125.0764
16.09.2013,126.2047
17.09.2013,126.8973
18.09.2013,126.9038
19.09.2013,124.181
20.09.2013,122.9216
21.09.2013,123.5083
22.09.2013,123.1249
23.09.2013,122.8657
24.09.2013,123.7974
25.09.2013,123.6141
26.09.2013,124.6857
27.09.2013,126.6053
28.09.2013,126.7966
29.09.2013,127.1086
30.09.2013,126.0903
01.10.2013,127.5754
02.10.2013,104.1051
03.10.2013,117.5755
04.10.2013,121.9303
05.10.2013,121.3934
06.10.2013,122.4753
07.10.2013,123.9069
08.10.2013,124.7665
09.10.2013,125.9335
10.10.2013,126.7047
11.10.2013,127.2553
12.10.2013,127.8513
13.10.2013,132.4157
14.10.2013,135.3392
15.10.2013,141.4939
16.10.2013,138.3279
17.10.2013,143.7471
18.10.2013,152.7756
19.10.2013,165.7727
20.10.2013,166.5002
21.10.2013,179.9106
22.10.2013,190.4028
23.10.2013,204.6004
24.10.2013,194.41
25.10.2013,185.6438
26.10.2013,179.8082
27.10.2013,194.5461
28.10.2013,196.2747
29.10.2013,204.4282
30.10.2013,197.9006
31.10.2013,203.2836
01.11.2013,203.0371
02.11.2013,204.7929
03.11.2013,210.2754
04.11.2013,228.791
05.11.2013,243.6417
06.11.2013,263.2096
07.11.2013,290.1242
08.11.2013,333.7507
09.11.2013,331.0511
10.11.2013,327.5587
11.11.2013,342.6977
12.11.2013,354.6455
13.11.2013,394.5045
14.11.2013,416.7063
15.11.2013,408.3988
16.11.2013,435.7984
17.11.2013,485.3366
18.11.2013,657.7785
19.11.2013,546.8784
20.11.2013,595.3391
21.11.2013,720.7644
22.11.2013,802.9169
23.11.2013,834.2953
24.11.2013,807.1667
25.11.2013,816.2434
26.11.2013,916.0972
27.11.2013,962.9106
28.11.2013,1007.3872
29.11.2013,1128.7255
30.11.2013,1119.2967
01.12.2013,964.4858
02.12.2013,1040.8082
03.12.2013,1053.621
04.12.2013,1134.9322
05.12.2013,1027.4118
06.12.2013,824.5817
07.12.2013,703.7484
08.12.2013,783.5733
09.12.2013,896.0793
10.12.2013,977.1654
11.12.2013,875.464
12.12.2013,873.3248
13.12.2013,879.1561
14.12.2013,852.8561
15.12.2013,864.0617
16.12.2013,677.8941
17.12.2013,682.6268
18.12.2013,526.121
19.12.2013,685.5251
20.12.2013,600.217
21.12.2013,597.0335
22.12.2013,615.013
23.12.2013,657.9266
24.12.2013,650.6647
25.12.2013,678.2902
26.12.2013,749.9966
27.12.2013,722.5706
28.12.2013,715.8524
29.12.2013,727.2712
30.12.2013,735.742
31.12.2013,729.5576
01.01.2014,752.4045
02.01.2014,784.9549
03.01.2014,807.2229
04.01.2014,828.6021
05.01.2014,902.4874
06.01.2014,914.46
07.01.2014,803.3518
08.01.2014,820.69
09.01.2014,831.3348
10.01.2014,853.2989
11.01.2014,889.5558
12.01.2014,845.1913
13.01.2014,822.877
14.01.2014,815.2936
15.01.2014,841.0899
16.01.2014,815.8548
17.01.2014,792.8295
18.01.2014,809.7835
19.01.2014,838.4285
20.01.2014,828.8852
21.01.2014,823.818
22.01.2014,818.9764
23.01.2014,810.9224
24.01.2014,781.0425
25.01.2014,804.4032
26.01.2014,814.4994
27.01.2014,742.7014
28.01.2014,790.1764
29.01.2014,793.3844
30.01.2014,799.4745
31.01.2014,803.2376
01.02.2014,813.2195
02.02.2014,814.4909
03.02.2014,806.9974
04.02.2014,800.0782
05.02.2014,784.4737
06.02.2014,763.5694
07.02.2014,711.5713
08.02.2014,677.6823
09.02.2014,687.4061
10.02.2014,685.4575
11.02.2014,671.8997
12.02.2014,653.7658
13.02.2014,612.9184
14.02.2014,668.7886
15.02.2014,654.3771
16.02.2014,623.2503
17.02.2014,631.3346
18.02.2014,627.2718
19.02.2014,623.5401
20.02.2014,563.7686
21.02.2014,580.3243
22.02.2014,607.1246
23.02.2014,610.0823
24.02.2014,542.2667
25.02.2014,533.7076
26.02.2014,587.5786
27.02.2014,585.3939
28.02.2014,551.2948
01.03.2014,567.5342
02.03.2014,558.5277
03.03.2014,676.5057
04.03.2014,674.5114
05.03.2014,670.3389
06.03.2014,667.7128
07.03.2014,631.7703
08.03.2014,621.5241
09.03.2014,640.5789
10.03.2014,628.1512
11.03.2014,633.7338
12.03.2014,634.6468
13.03.2014,643.4321
14.03.2014,628.3086
15.03.2014,636.2187
16.03.2014,634.1689
17.03.2014,622.7602
18.03.2014,614.3095
19.03.2014,610.5112
20.03.2014,586.6076
21.03.2014,569.6945
22.03.2014,564.7
23.03.2014,558.9589
24.03.2014,585.0233
25.03.2014,583.7712
26.03.2014,579.2439
27.03.2014,483.164
28.03.2014,498.6613
29.03.2014,489.517
30.03.2014,458.9663
31.03.2014,455.3554
01.04.2014,479.0085
02.04.2014,439.0115
03.04.2014,449.4412
04.04.2014,449.7199
05.04.2014,461.6753
06.04.2014,458.6335
07.04.2014,448.6553
08.04.2014,452.8031
09.04.2014,442.838
10.04.2014,366.9119
11.04.2014,421.9435
12.04.2014,424.2742
13.04.2014,416.3623
14.04.2014,461.1082
15.04.2014,521.6153
16.04.2014,531.4818
17.04.2014,499.8376
18.04.2014,483.02
19.04.2014,504.3656
20.04.2014,501.5572
21.04.2014,498.0845
22.04.2014,489.5035
23.04.2014,490.633
24.04.2014,503.2918
25.04.2014,466.4262
26.04.2014,459.2267
27.04.2014,438.7094
28.04.2014,441.5478
29.04.2014,447.7099
30.04.2014,448.8757
01.05.2014,460.1947
02.05.2014,452.2398
03.05.2014,438.9786
04.05.2014,436.6754
05.05.2014,432.3382
06.05.2014,430.1282
07.05.2014,442.1829
08.05.2014,440.4028
09.05.2014,452.698
10.05.2014,456.7558
11.05.2014,439.1145
12.05.2014,441.281
13.05.2014,439.0058
14.05.2014,444.8482
15.05.2014,446.9616
16.05.2014,448.7422
17.05.2014,449.2223
18.05.2014,446.9626
19.05.2014,447.4049
20.05.2014,490.3356
21.05.2014,493.9335
22.05.2014,526.8143
23.05.2014,523.6993
24.05.2014,527.6912
25.05.2014,573.3125
26.05.2014,584.848
27.05.2014,573.9283
28.05.2014,579.1893
29.05.2014,570.3493
30.05.2014,620.8464
31.05.2014,627.8924
01.06.2014,630.075
02.06.2014,663.5057
03.06.2014,672.3879
04.06.2014,643.8874
05.06.2014,661.5036
06.06.2014,650.1333
07.06.2014,656.8003
08.06.2014,657.82
09.06.2014,648.3363
10.06.2014,650.9366
11.06.2014,631.489
12.06.2014,591.9751
13.06.2014,597.045
14.06.2014,575.5595
15.06.2014,589.7246
16.06.2014,590.5675
17.06.2014,609.08
18.06.2014,607.6298
19.06.2014,595.7515
20.06.2014,591.5315
21.06.2014,592.7643
22.06.2014,599.6346
23.06.2014,589.5523
24.06.2014,579.9737
25.06.2014,562.2368
26.06.2014,580.7492
27.06.2014,600.6383
28.06.2014,594.3903
29.06.2014,600.8405
30.06.2014,638.9461
01.07.2014,642.9566
02.07.2014,651.2983
03.07.2014,646.4134
04.07.2014,630.6355
05.07.2014,630.4683
06.07.2014,634.6727
07.07.2014,622.855
08.07.2014,624.8943
09.07.2014,621.9391
10.07.2014,616.5228
11.07.2014,634.4944
12.07.2014,636.924
13.07.2014,629.8758
14.07.2014,619.1975
15.07.2014,621.9346
16.07.2014,616.3519
17.07.2014,624.2593
18.07.2014,630.7501
19.07.2014,629.1734
20.07.2014,625.2487
21.07.2014,621.3053
22.07.2014,619.8233
23.07.2014,619.7728
24.07.2014,602.8796
25.07.2014,601.5785
26.07.2014,594.7026
27.07.2014,591.5754
28.07.2014,587.493
29.07.2014,584.1124
30.07.2014,562.9146
31.07.2014,581.9756
01.08.2014,596.5068
02.08.2014,589.7573
03.08.2014,586.7537
04.08.2014,587.6083
05.08.2014,581.882
06.08.2014,582.2484
07.08.2014,586.0466
08.08.2014,589.0244
09.08.2014,588.9785
10.08.2014,589.3735
11.08.2014,573.4415
12.08.2014,568.3075
13.08.2014,548.3702
14.08.2014,505.1075
15.08.2014,500.3231
16.08.2014,521.748
17.08.2014,497.7647
18.08.2014,468.9579
19.08.2014,486.7944
20.08.2014,515.1204
21.08.2014,519.3079
22.08.2014,516.1594
23.08.2014,497.1258
24.08.2014,508.4307
25.08.2014,501.6103
26.08.2014,511.8523
27.08.2014,510.1623
28.08.2014,506.2852
29.08.2014,508.8666
30.08.2014,501.2757
31.08.2014,478.5114
01.09.2014,474.5415
02.09.2014,474.4307
03.09.2014,473.9592
04.09.2014,489.5552
05.09.2014,478.7498
06.09.2014,480.6425
07.09.2014,478.3655
08.09.2014,468.9755
09.09.2014,473.512
10.09.2014,477.7784
11.09.2014,477.2707
12.09.2014,473.9973
13.09.2014,477.961
14.09.2014,475.6481
15.09.2014,472.6556
16.09.2014,464.1778
17.09.2014,456.3399
18.09.2014,426.8801
19.09.2014,393.8939
20.09.2014,411.0413
21.09.2014,400.4045
22.09.2014,400.8816
23.09.2014,438.4918
24.09.2014,423.7001
25.09.2014,409.5377
26.09.2014,405.2983
27.09.2014,400.5993
28.09.2014,375.55
29.09.2014,373.0646
30.09.2014,389.264
01.10.2014,382.9094
02.10.2014,372.5257
03.10.2014,357.6657
04.10.2014,328.8261
05.10.2014,322.8263
06.10.2014,326.8035
07.10.2014,333.5702
08.10.2014,354.4073
09.10.2014,361.7164
10.10.2014,358.8904
11.10.2014,361.9084
12.10.2014,377.8712
13.10.2014,391.9942
14.10.2014,400.8806
15.10.2014,394.6259
16.10.2014,382.3215
17.10.2014,382.2008
18.10.2014,391.2932
19.10.2014,388.6845
20.10.2014,381.1909
21.10.2014,385.2046
22.10.2014,380.7788
23.10.2014,357.3448
24.10.2014,357.4884
25.10.2014,345.8112
26.10.2014,353.082
27.10.2014,350.0157
28.10.2014,354.6538
29.10.2014,333.5994
30.10.2014,344.6094
31.10.2014,337.1829
01.11.2014,324.3713
02.11.2014,324.2486
03.11.2014,325.3619
04.11.2014,329.6577
05.11.2014,338.8058
06.11.2014,349.6899
07.11.2014,342.1333
08.11.2014,345.7163
09.11.2014,363.6101
10.11.2014,365.5023
11.11.2014,367.8255
12.11.2014,422.5914
13.11.2014,421.9145
14.11.2014,398.3889
15.11.2014,377.9938
16.11.2014,390.2058
17.11.2014,387.501
18.11.2014,373.8646
19.11.2014,377.6134
20.11.2014,356.1813
21.11.2014,350.7489
22.11.2014,352.4555
23.11.2014,367.7732
24.11.2014,376.9942
25.11.2014,376.7556
26.11.2014,367.5302
27.11.2014,369.5302
28.11.2014,377.8969
29.11.2014,376.0763
30.11.2014,378.6904
01.12.2014,379.112
02.12.2014,382.9468
03.12.2014,375.916
04.12.2014,368.8456
05.12.2014,378.4283
06.12.2014,375.138
07.12.2014,376.6398
08.12.2014,363.2157
09.12.2014,351.1068
10.12.2014,347.8814
11.12.2014,348.593
12.12.2014,353.1906
13.12.2014,349.2429
14.12.2014,356.0797
15.12.2014,347.0952
16.12.2014,328.6133
17.12.2014,320.2976
18.12.2014,313.5117
19.12.2014,318.2429
20.12.2014,330.0658
21.12.2014,320.9927
22.12.2014,331.8426
23.12.2014,336.0841
24.12.2014,323.0323
25.12.2014,318.9961
26.12.2014,329.2103
27.12.2014,315.9684
28.12.2014,317.0105
29.12.2014,313.0655
30.12.2014,310.442
31.12.2014,320.6623
01.01.2015,314.7765
02.01.2015,315.9427
03.01.2015,285.6473
04.01.2015,263.3346
05.01.2015,275.0039
06.01.2015,287.5495
07.01.2015,297.5356
08.01.2015,284.3424
09.01.2015,292.5011
10.01.2015,276.2305
11.01.2015,268.7555
12.01.2015,268.6172
13.01.2015,224.1081
14.01.2015,175.6376
15.01.2015,212.341
16.01.2015,207.5952
17.01.2015,199.8248
18.01.2015,211.1325
19.01.2015,216.8947
20.01.2015,211.9199
21.01.2015,227.9042
22.01.2015,233.6474
23.01.2015,233.1329
24.01.2015,249.0821
25.01.2015,254.5179
26.01.2015,273.9522
27.01.2015,264.7538
28.01.2015,235.7358
29.01.2015,233.9574
30.01.2015,228.8962
31.01.2015,217.3322
01.02.2015,227.1113
02.02.2015,240.0924
03.02.2015,227.7757
04.02.2015,226.7811
05.02.2015,217.0112
06.02.2015,222.725
07.02.2015,228.6471
08.02.2015,224.036
09.02.2015,220.7685
10.02.2015,220.8882
11.02.2015,219.4959
12.02.2015,222.5832
13.02.2015,236.5554
14.02.2015,257.6277
15.02.2015,234.4458
16.02.2015,235.0861
17.02.2015,243.9058
18.02.2015,235.9952
19.02.2015,241.8723
20.02.2015,245.5308
21.02.2015,245.596
22.02.2015,236.6907
23.02.2015,239.066
24.02.2015,239.8693
25.02.2015,238.2361
26.02.2015,237.0444
27.02.2015,255.1168
28.02.2015,254.9484
01.03.2015,260.6513
02.03.2015,276.3226
03.03.2015,282.7059
04.03.2015,273.4475
05.03.2015,276.2688
06.03.2015,273.3181
07.03.2015,276.4034
08.03.2015,275.338
09.03.2015,290.1301
10.03.2015,292.3204
11.03.2015,296.6933
12.03.2015,295.8003
13.03.2015,285.911
14.03.2015,283.6083
15.03.2015,287.2701
16.03.2015,291.3921
17.03.2015,285.2484
18.03.2015,257.2862
19.03.2015,262.0929
20.03.2015,262.9665
21.03.2015,261.1843
22.03.2015,268.8994
23.03.2015,266.778
24.03.2015,246.8351
25.03.2015,246.7191
26.03.2015,249.533
27.03.2015,247.3789
28.03.2015,253.2316
29.03.2015,242.9676
30.03.2015,248.3369
31.03.2015,244.7125
01.04.2015,247.1858
02.04.2015,253.6301
03.04.2015,254.8332
04.04.2015,253.9458
05.04.2015,261.1121
06.04.2015,256.3674
07.04.2015,254.8319
08.04.2015,245.8252
09.04.2015,243.8606
10.04.2015,235.8719
11.04.2015,237.4091
12.04.2015,237.141
13.04.2015,225.5056
14.04.2015,219.7572
15.04.2015,223.3139
16.04.2015,228.4938
17.04.2015,222.7851
18.04.2015,223.398
19.04.2015,223.2841
20.04.2015,224.8949
21.04.2015,234.9394
22.04.2015,233.8224
23.04.2015,235.9333
24.04.2015,231.4586
25.04.2015,226.446
26.04.2015,220.5034
27.04.2015,227.326
28.04.2015,225.5494
29.04.2015,225.6693
30.04.2015,236.328
01.05.2015,232.7466
02.05.2015,235.5401
03.05.2015,240.4642
04.05.2015,238.9767
05.05.2015,236.0234
06.05.2015,229.4812
07.05.2015,237.1307
08.05.2015,244.3835
09.05.2015,242.706
10.05.2015,240.7315
11.05.2015,242.2498
12.05.2015,242.2091
13.05.2015,236.5503
14.05.2015,236.9489
15.05.2015,237.4845
16.05.2015,235.8121
17.05.2015,236.9637
18.05.2015,232.8838
19.05.2015,231.9744
20.05.2015,234.1903
21.05.2015,235.5538
22.05.2015,240.3232
23.05.2015,238.9633
24.05.2015,240.7118
25.05.2015,237.0035
26.05.2015,236.7963
27.05.2015,237.2036
28.05.2015,236.9569
29.05.2015,236.6465
30.05.2015,232.7888
31.05.2015,229.4505
01.06.2015,223.2827
02.06.2015,225.3208
03.06.2015,225.2131
04.06.2015,223.5401
05.06.2015,224.7311
06.06.2015,225.1605
07.06.2015,223.4117
08.06.2015,228.7743
09.06.2015,229.3705
10.06.2015,228.5885
11.06.2015,229.5844
12.06.2015,229.8112
13.06.2015,233.0153
14.06.2015,232.5071
15.06.2015,236.791
16.06.2015,251.4327
17.06.2015,247.9693
18.06.2015,249.0125
19.06.2015,244.8035
20.06.2015,245.5825
21.06.2015,244.3003
22.06.2015,247.0179
23.06.2015,244.1848
24.06.2015,240.4515
25.06.2015,242.3479
26.06.2015,242.968
27.06.2015,251.5293
28.06.2015,249.0583
29.06.2015,256.6502
30.06.2015,263.8544
01.07.2015,258.0426
02.07.2015,254.7471
03.07.2015,256.087
04.07.2015,260.5092
05.07.2015,271.3025
06.07.2015,269.1379
07.07.2015,266.4699
08.07.2015,270.5761
09.07.2015,269.6803
10.07.2015,285.5588
11.07.2015,293.9175
12.07.2015,311.4819
13.07.2015,292.6492
14.07.2015,287.741
15.07.2015,285.9229
16.07.2015,278.5327
17.07.2015,280.0647
18.07.2015,277.3546
19.07.2015,275.282
20.07.2015,279.1144
21.07.2015,276.6524
22.07.2015,277.7644
23.07.2015,276.8116
24.07.2015,289.306
25.07.2015,289.5076
26.07.2015,293.3148
27.07.2015,294.4268
28.07.2015,295.4101
29.07.2015,289.8558
30.07.2015,288.2363
31.07.2015,284.5973
01.08.2015,281.6688
02.08.2015,282.423
03.08.2015,282.1851
04.08.2015,285.2866
05.08.2015,282.3389
06.08.2015,278.9957
07.08.2015,279.4887
08.08.2015,261.4503
09.08.2015,266.342
10.08.2015,264.9288
11.08.2015,271.4217
12.08.2015,268.1439
13.08.2015,264.6916
14.08.2015,266.3559
15.08.2015,261.9368
16.08.2015,258.9308
17.08.2015,258.0094
18.08.2015,217.8859
19.08.2015,227.2183
20.08.2015,235.5239
21.08.2015,232.8006
22.08.2015,230.6392
23.08.2015,228.6731
24.08.2015,211.9559
25.08.2015,222.655
26.08.2015,226.1167
27.08.2015,224.9399
28.08.2015,232.1708
29.08.2015,229.8262
30.08.2015,229.0196
31.08.2015,230.6895
01.09.2015,227.9556
02.09.2015,229.5022
03.09.2015,227.1071
04.09.2015,231.1776
05.09.2015,235.903
06.09.2015,240.8055
07.09.2015,240.6336
08.09.2015,244.175
09.09.2015,238.7225
10.09.2015,238.7505
11.09.2015,240.845
12.09.2015,236.3518
13.09.2015,230.5488
14.09.2015,230.9488
15.09.2015,230.3986
16.09.2015,229.0433
17.09.2015,233.2027
18.09.2015,233.1751
19.09.2015,232.2416
20.09.2015,231.3623
21.09.2015,226.7734
22.09.2015,230.6263
23.09.2015,230.1324
24.09.2015,234.3199
25.09.2015,235.5382
26.09.2015,234.5918
27.09.2015,233.2433
28.09.2015,240.0173
29.09.2015,237.3362
30.09.2015,236.7398
01.10.2015,238.2298
02.10.2015,237.937
03.10.2015,239.7359
04.10.2015,239.5169
05.10.2015,240.9612
06.10.2015,246.9405
07.10.2015,243.7345
08.10.2015,243.0296
09.10.2015,244.4489
10.10.2015,245.9559
11.10.2015,248.5282
12.10.2015,246.0936
13.10.2015,250.4713
14.10.2015,253.1423
15.10.2015,254.693
16.10.2015,262.7374
17.10.2015,271.9309
18.10.2015,263.4817
19.10.2015,264.3627
20.10.2015,270.8322
21.10.2015,268.0402
22.10.2015,275.415
23.10.2015,278.6128
24.10.2015,283.6111
25.10.2015,286.0497
26.10.2015,286.7034
27.10.2015,295.5629
28.10.2015,304.4421
29.10.2015,314.8795
30.10.2015,328.4923
31.10.2015,314.1195
01.11.2015,329.8542
02.11.2015,364.6166
03.11.2015,400.9231
04.11.2015,405.4817
05.11.2015,384.3412
06.11.2015,372.9754
07.11.2015,386.5046
08.11.2015,372.4001
09.11.2015,380.4956
10.11.2015,337.8305
11.11.2015,308.9222
12.11.2015,337.523
13.11.2015,337.279
14.11.2015,333.0471
15.11.2015,319.928
16.11.2015,331.1327
17.11.2015,335.8498
18.11.2015,335.7445
19.11.2015,326.2321
20.11.2015,321.9405
21.11.2015,325.9052
22.11.2015,323.717
23.11.2015,323.0126
24.11.2015,319.9614
25.11.2015,328.9605
26.11.2015,356.2553
27.11.2015,359.2688
28.11.2015,356.5673
29.11.2015,371.7076
30.11.2015,377.3898
01.12.2015,362.5324
02.12.2015,359.2224
03.12.2015,361.2101
04.12.2015,363.2416
05.12.2015,389.363
06.12.2015,393.3191
07.12.2015,395.3466
08.12.2015,413.7987
09.12.2015,417.6327
10.12.2015,415.7299
11.12.2015,453.8615
12.12.2015,435.8557
13.12.2015,434.4035
14.12.2015,442.9917
15.12.2015,464.6179
16.12.2015,454.1425
17.12.2015,456.2401
18.12.2015,463.1758
19.12.2015,461.3999
20.12.2015,442.154
21.12.2015,437.6401
22.12.2015,435.2684
23.12.2015,442.6657
24.12.2015,455.8787
25.12.2015,455.7188
26.12.2015,418.2215
27.12.2015,422.7059
28.12.2015,421.0529
29.12.2015,431.34
30.12.2015,426.0436
31.12.2015,429.6772
01.01.2016,434.678
02.01.2016,434.4399
03.01.2016,430.1362
04.01.2016,433.449
05.01.2016,432.6695
06.01.2016,430.6779
07.01.2016,459.2089
08.01.2016,454.1344
09.01.2016,449.8452
10.01.2016,448.5802
11.01.2016,449.0331
12.01.2016,441.7682
13.01.2016,432.3106
14.01.2016,429.8232
15.01.2016,367.8232
16.01.2016,388.0712
17.01.2016,382.4821
18.01.2016,384.8652
19.01.2016,378.1617
20.01.2016,420.6229
21.01.2016,409.2985
22.01.2016,381.0465
23.01.2016,386.3706
24.01.2016,403.4469
25.01.2016,391.9861
26.01.2016,391.1429
27.01.2016,394.6275
28.01.2016,378.901
29.01.2016,379
30.01.2016,377.2628
31.01.2016,366.3417
01.02.2016,371.2234
02.02.2016,372.9276
03.02.2016,368.0982
04.02.2016,389.7231
05.02.2016,384.3984
06.02.2016,374.6316
07.02.2016,375.1539
08.02.2016,370.8144
09.02.2016,373.5116
10.02.2016,379.0826
11.02.2016,377.6392
12.02.2016,382.2945
13.02.2016,389.5984
14.02.2016,406.1507
15.02.2016,399.2676
16.02.2016,407.0353
17.02.2016,415.3241
18.02.2016,421.2897
19.02.2016,419.6265
20.02.2016,440.1958
21.02.2016,438.7186
22.02.2016,437.5353
23.02.2016,420.0326
24.02.2016,423.9951
25.02.2016,424.0909
26.02.2016,431.7622
27.02.2016,432.9478
28.02.2016,433.1023
29.02.2016,437.7759
01.03.2016,432.8079
02.03.2016,423.0798
03.03.2016,419.2688
04.03.2016,407.9902
05.03.2016,397.3145
06.03.2016,403.7052
07.03.2016,413.2294
08.03.2016,411.426
09.03.2016,412.5407
10.03.2016,416.3409
11.03.2016,419.5119
12.03.2016,410.2642
13.03.2016,411.8059
14.03.2016,415.027
15.03.2016,415.2664
16.03.2016,417.0241
17.03.2016,418.6054
18.03.2016,408.9016
19.03.2016,409.1244
20.03.2016,412.057
21.03.2016,411.6018
22.03.2016,416.5817
23.03.2016,417.3783
24.03.2016,413.5602
25.03.2016,416.3732
26.03.2016,416.8231
27.03.2016,425.455
28.03.2016,422.9174
29.03.2016,415.8638
30.03.2016,412.7777
31.03.2016,415.9568
01.04.2016,417.2007
02.04.2016,419.7631
03.04.2016,420.0736
04.04.2016,419.5407
05.04.2016,422.5014
06.04.2016,421.9072
07.04.2016,421.4672
08.04.2016,418.6435
09.04.2016,418.7586
10.04.2016,421.9545
11.04.2016,423.273
12.04.2016,427.4277
13.04.2016,424.8725
14.04.2016,425.8566
15.04.2016,430.7244
16.04.2016,432.2163
17.04.2016,429.34
18.04.2016,429.6569
19.04.2016,437.5687
20.04.2016,442.6617
21.04.2016,452.1647
22.04.2016,448.1344
23.04.2016,453.9147
24.04.2016,463.3829
25.04.2016,465.316
26.04.2016,469.6088
27.04.2016,445.7411
28.04.2016,451.0601
29.04.2016,457.01
30.04.2016,449.9005
01.05.2016,455.0107
02.05.2016,444.9331
03.05.2016,451.6289
04.05.2016,448.368
05.05.2016,449.3361
06.05.2016,461.6939
07.05.2016,461.3618
08.05.2016,461.3789
09.05.2016,463.4622
10.05.2016,451.0797
11.05.2016,453.8963
12.05.2016,455.6073
13.05.2016,457.2419
14.05.2016,458.1195
15.05.2016,460.8577
16.05.2016,455.2241
17.05.2016,453.5458
18.05.2016,454.4862
19.05.2016,437.7242
20.05.2016,442.3968
21.05.2016,444.0782
22.05.2016,440.5587
23.05.2016,444.2051
24.05.2016,445.6745
25.05.2016,450.5495
26.05.2016,454.4337
27.05.2016,471.8201
28.05.2016,530.9106
29.05.2016,527.5497
30.05.2016,533.4931
31.05.2016,530.9437
01.06.2016,537.6137
02.06.2016,538.7712
03.06.2016,570.176
04.06.2016,574.2662
05.06.2016,575.1376
06.06.2016,585.8571
07.06.2016,578.4692
08.06.2016,583.0976
09.06.2016,577.1017
10.06.2016,579.815
11.06.2016,605.4496
12.06.2016,670.3924
13.06.2016,704.3218
14.06.2016,684.9483
15.06.2016,695.0015
16.06.2016,767.42
17.06.2016,750.0146
18.06.2016,758.2888
19.06.2016,766.7671
20.06.2016,722.4975
21.06.2016,669.6042
22.06.2016,594.833
23.06.2016,627.6779
24.06.2016,664.127
25.06.2016,668.8727
26.06.2016,630.4342
27.06.2016,652.2448
28.06.2016,647.2188
29.06.2016,638.5863
30.06.2016,674.2848
01.07.2016,677.5124
02.07.2016,702.7393
03.07.2016,662.5501
04.07.2016,679.8425
05.07.2016,668.166
06.07.2016,677.6513
07.07.2016,640.0532
08.07.2016,665.0517
09.07.2016,651.9419
10.07.2016,649.9593
11.07.2016,650.2726
12.07.2016,670.0231
13.07.2016,658.3336
14.07.2016,660.906
15.07.2016,666.7587
16.07.2016,665.2756
17.07.2016,681.0896
18.07.2016,675.1186
19.07.2016,674.6604
20.07.2016,667.3054
21.07.2016,666.8517
22.07.2016,650.5629
23.07.2016,657.3779
24.07.2016,661.394
25.07.2016,655.1196
26.07.2016,654.6263
27.07.2016,656.2751
28.07.2016,656.1965
29.07.2016,657.5576
30.07.2016,655.3617
31.07.2016,624.8045
01.08.2016,606.5092
02.08.2016,526.9811
03.08.2016,570.347
04.08.2016,583.5422
05.08.2016,581.2798
06.08.2016,590.7954
07.08.2016,594.7323
08.08.2016,591.6293
09.08.2016,587.9321
10.08.2016,589.9688
11.08.2016,589.5859
12.08.2016,587.1916
13.08.2016,585.3636
14.08.2016,571.3871
15.08.2016,566.5644
16.08.2016,578.4149
17.08.2016,573.6637
18.08.2016,573.2632
19.08.2016,573.9585
20.08.2016,581.7971
21.08.2016,580.7922
22.08.2016,584.9719
23.08.2016,582.6277
24.08.2016,578.7018
25.08.2016,576.0334
26.08.2016,578.8747
27.08.2016,570.201
28.08.2016,575.1052
29.08.2016,573.4293
30.08.2016,575.6957
31.08.2016,572.2728
01.09.2016,572.2217
02.09.2016,576.8468
03.09.2016,600.3744
04.09.2016,610.5389
05.09.2016,607.527
06.09.2016,612.9955
07.09.2016,615.6598
08.09.2016,630.5502
09.09.2016,622.9779
10.09.2016,624.7526
11.09.2016,608.2467
12.09.2016,607.7074
13.09.2016,608.6943
14.09.2016,609.4131
15.09.2016,607.0703
16.09.2016,607.8064
17.09.2016,607.3814
18.09.2016,611.5335
19.09.2016,608.8713
20.09.2016,608.3717
21.09.2016,596.9458
22.09.2016,595.5647
23.09.2016,602.3788
24.09.2016,602.6874
25.09.2016,600.6101
26.09.2016,606.7788
27.09.2016,605.1516
28.09.2016,604.6865
29.09.2016,605.2026
30.09.2016,608.8658
01.10.2016,615.4085
02.10.2016,611.7486
03.10.2016,612.5903
04.10.2016,610.0079
05.10.2016,612.1478
06.10.2016,611.7609
07.10.2016,617.9057
08.10.2016,619.301
09.10.2016,617.101
10.10.2016,618.0852
11.10.2016,642.9814
12.10.2016,636.5979
13.10.2016,635.4441
14.10.2016,639.5861
15.10.2016,637.2838
16.10.2016,642.913
17.10.2016,639.1375
18.10.2016,635.5765
19.10.2016,629.6407
20.10.2016,628.5989
21.10.2016,630.9062
22.10.2016,654.5086
23.10.2016,651.962
24.10.2016,650.0272
25.10.2016,655.7925
26.10.2016,675.1099
27.10.2016,686.5233
28.10.2016,690.3907
29.10.2016,715.4455
30.10.2016,699.3334
31.10.2016,698.8977
01.11.2016,730.5785
02.11.2016,740.3671
03.11.2016,689.9392
04.11.2016,705.432
05.11.2016,706.8193
06.11.2016,715.8969
07.11.2016,706.1812
08.11.2016,711.8358
09.11.2016,721.5015
10.11.2016,713.4076
11.11.2016,715.7033
12.11.2016,703.8476
13.11.2016,703.6264
14.11.2016,705.6436
15.11.2016,712.3472
16.11.2016,742.0501
17.11.2016,735.3181
18.11.2016,749.5787
19.11.2016,751.2138
20.11.2016,730.3508
21.11.2016,736.507
22.11.2016,747.9977
23.11.2016,741.2403
24.11.2016,737.355
25.11.2016,739.6852
26.11.2016,734.6529
27.11.2016,727.7411
28.11.2016,730.0825
29.11.2016,731.6464
30.11.2016,742.2045
01.12.2016,753.6749
02.12.2016,772.3024
03.12.2016,766.1105
04.12.2016,766.3801
05.12.2016,752.6707
06.12.2016,759.1173
07.12.2016,764.9877
08.12.2016,767.6592
09.12.2016,771.9023
10.12.2016,775.4746
11.12.2016,770.4962
12.12.2016,778.5066
13.12.2016,778.9307
14.12.2016,776.964
15.12.2016,776.1768
16.12.2016,782.2302
17.12.2016,789.6029
18.12.2016,790.633
19.12.2016,790.279
20.12.2016,799.7775
21.12.2016,828.4837
22.12.2016,858.5014
23.12.2016,915.5624
24.12.2016,891.1553
25.12.2016,896.0033
26.12.2016,903.2012
27.12.2016,925.9508
28.12.2016,979.961
29.12.2016,973.4626
30.12.2016,961.1827
31.12.2016,968.9706
01.01.2017,997.2574
02.01.2017,1017.0779
03.01.2017,1032.6091
04.01.2017,1134.4964
05.01.2017,1000.4981
06.01.2017,892.464
07.01.2017,903.4533
08.01.2017,912.485
09.01.2017,903.5087
10.01.2017,906.4989
11.01.2017,788.3147
12.01.2017,807.1098
13.01.2017,826.7469
14.01.2017,820.0452
15.01.2017,824.5471
16.01.2017,830.838
17.01.2017,906.0268
18.01.2017,881.2598
19.01.2017,902.2639
20.01.2017,895.1745
21.01.2017,924.4683
22.01.2017,922.4671
23.01.2017,919.1157
24.01.2017,887.7432
25.01.2017,895.69
26.01.2017,916.6675
27.01.2017,920.4545
28.01.2017,922.7749
29.01.2017,915.632
30.01.2017,920.3133
31.01.2017,968.4991
01.02.2017,987.5326
02.02.2017,1007.7044
03.02.2017,1015.302
04.02.2017,1033.786
05.02.2017,1014.5679
06.02.2017,1023.3175
07.02.2017,1053.6245
08.02.2017,1052.3676
09.02.2017,982.7519
10.02.2017,996.6502
11.02.2017,1011.3753
12.02.2017,1006.2965
13.02.2017,999.9532
14.02.2017,1012.2135
15.02.2017,1013.9038
16.02.2017,1036.8069
17.02.2017,1058.6699
18.02.2017,1060.6688
19.02.2017,1058.7864
20.02.2017,1088.6884
21.02.2017,1128.8553
22.02.2017,1129.7018
23.02.2017,1188.8618
24.02.2017,1185.4889
25.02.2017,1151.6047
26.02.2017,1181.7109
27.02.2017,1194.1525
28.02.2017,1188.3999
01.03.2017,1228.4597
02.03.2017,1262.9315
03.03.2017,1289.3632
04.03.2017,1268.9407
05.03.2017,1276.2737
06.03.2017,1282.2547
07.03.2017,1234.4765
08.03.2017,1152.1394
09.03.2017,1193.4555
10.03.2017,1098.5301
11.03.2017,1176.8229
12.03.2017,1231.7484
13.03.2017,1239.3963
14.03.2017,1246.5366
15.03.2017,1258.6514
16.03.2017,1178.0208
17.03.2017,1072.0825
18.03.2017,962.5691
19.03.2017,1020.2203
20.03.2017,1037.7563
21.03.2017,1111.8183
22.03.2017,1037.3026
23.03.2017,1028.1729
24.03.2017,935.0635
25.03.2017,968.5433
26.03.2017,962.9581
27.03.2017,1042.9192
28.03.2017,1045.1629
29.03.2017,1039.6886
30.03.2017,1037.9877
31.03.2017,1081.7435
01.04.2017,1089.5248
02.04.2017,1105.563
03.04.2017,1144.6648
04.04.2017,1141.9219
05.04.2017,1135.8116
06.04.2017,1194.5965
07.04.2017,1191.7315
08.04.2017,1184.4177
09.04.2017,1213.6341
10.04.2017,1211.6499
11.04.2017,1229.7849
12.04.2017,1216.1144
13.04.2017,1172.5583
14.04.2017,1174.3332
15.04.2017,1175.5622
16.04.2017,1173.6914
17.04.2017,1191.9012
18.04.2017,1202.1315
19.04.2017,1209.5609
20.04.2017,1235.8031
21.04.2017,1247.3361
22.04.2017,1243.5504
23.04.2017,1250.0015
24.04.2017,1257.2394
25.04.2017,1279.8647
26.04.2017,1296.4855
27.04.2017,1345.89
28.04.2017,1347.9852
29.04.2017,1357.7153
30.04.2017,1381.9564
01.05.2017,1436.9415
02.05.2017,1463.8191
03.05.2017,1519.4089
04.05.2017,1539.8301
05.05.2017,1529.8504
06.05.2017,1573.2855
07.05.2017,1526.2678
08.05.2017,1685.0865
09.05.2017,1719.228
10.05.2017,1782.499
11.05.2017,1835.4875
12.05.2017,1704.6616
13.05.2017,1779.8403
14.05.2017,1794.5936
15.05.2017,1736.8828
16.05.2017,1757.0269
17.05.2017,1808.7461
18.05.2017,1894.2473
19.05.2017,1967.5455
20.05.2017,2048.1177
21.05.2017,2045.2225
22.05.2017,2078.9435
23.05.2017,2257.2884
24.05.2017,2415.0072
25.05.2017,2319.6014
26.05.2017,2279.4186
27.05.2017,2044.3005
28.05.2017,2225.7009
29.05.2017,2284.7158
30.05.2017,2167.2645
31.05.2017,2299.4326
01.06.2017,2399.8876
02.06.2017,2479.4239
03.06.2017,2549.552
04.06.2017,2524.9938
05.06.2017,2685.3189
06.06.2017,2871.3417
07.06.2017,2706.76
08.06.2017,2802.5635
09.06.2017,2804.8723
10.06.2017,2916.3279
11.06.2017,2974.2146
12.06.2017,2665.4333
13.06.2017,2707.1378
14.06.2017,2443.8245
15.06.2017,2409.8868
16.06.2017,2476.3591
17.06.2017,2652.7554
18.06.2017,2508.2142
19.06.2017,2589.6422
20.06.2017,2733.2266
21.06.2017,2639.2613
22.06.2017,2686.6475
23.06.2017,2685.8705
24.06.2017,2562.1891
25.06.2017,2497.7289
26.06.2017,2426.3651
27.06.2017,2530.3455
28.06.2017,2562.7923
29.06.2017,2540.443
30.06.2017,2452.7121
01.07.2017,2412.3662
02.07.2017,2518.8722
03.07.2017,2551.9274
04.07.2017,2599.7447
05.07.2017,2608.1049
06.07.2017,2603.1955
07.07.2017,2495.7809
08.07.2017,2553.4942
09.07.2017,2506.1732
10.07.2017,2319.3669
11.07.2017,2319.1674
12.07.2017,2374.8863
13.07.2017,2343.7383
14.07.2017,2214.8252
15.07.2017,1989.6332
16.07.2017,1910.7495
17.07.2017,2215.7463
18.07.2017,2303.7611
19.07.2017,2257.0652
20.07.2017,2823.8979
21.07.2017,2666.1397
22.07.2017,2829.7541
23.07.2017,2753.2439
24.07.2017,2755.1595
25.07.2017,2558.693
26.07.2017,2522.3246
27.07.2017,2665.1475
28.07.2017,2793.8335
29.07.2017,2706.4508
30.07.2017,2749.3845
31.07.2017,2862.6113
01.08.2017,2727.3892
02.08.2017,2690.1457
03.08.2017,2789.7463
04.08.2017,2860.2728
05.08.2017,3237.4234
06.08.2017,3230.1167
07.08.2017,3392.5624
08.08.2017,3425.6766
09.08.2017,3347.2154
10.08.2017,3437.0322
11.08.2017,3660.5205
12.08.2017,3871.0824
13.08.2017,4063.8011
14.08.2017,4304.6039
15.08.2017,4160.0305
16.08.2017,4364.6786
17.08.2017,4308.5169
18.08.2017,4108.5072
19.08.2017,4160.3325
20.08.2017,4085.8104
21.08.2017,3992.626
22.08.2017,4074.3305
23.08.2017,4146.9153
24.08.2017,4325.8164
25.08.2017,4353.1318
26.08.2017,4341.9787
27.08.2017,4344.9034
28.08.2017,4379.7639
29.08.2017,4600.4568
30.08.2017,4586.6327
31.08.2017,4740.3562
01.09.2017,4918.1662
02.09.2017,4595.02
03.09.2017,4625.2963
04.09.2017,4374.7535
05.09.2017,4454.0525
06.09.2017,4607.5165
07.09.2017,4635.1119
08.09.2017,4345.4577
09.09.2017,4335.5934
10.09.2017,4261.8435
11.09.2017,4212.5476
12.09.2017,4164.3194
13.09.2017,3887.1186
14.09.2017,3247.4687
15.09.2017,3699.2229
16.09.2017,3711.2344
17.09.2017,3711.8562
18.09.2017,4080.4284
19.09.2017,3925.7362
20.09.2017,3895.7771
21.09.2017,3617.2435
22.09.2017,3619.2137
23.09.2017,3775.6006
24.09.2017,3676.8969
25.09.2017,3918.7381
26.09.2017,3890.0909
27.09.2017,4207.7875
28.09.2017,4187.7698
29.09.2017,4155.0101
30.09.2017,4334.5446
01.10.2017,4382.0869
02.10.2017,4386.8757
03.10.2017,4306.5646
04.10.2017,4216.6848
05.10.2017,4319.4209
06.10.2017,4365.9157
07.10.2017,4438.8559
08.10.2017,4600.7398
09.10.2017,4777.5347
10.10.2017,4741.0779
11.10.2017,4814.9671
12.10.2017,5393.669
13.10.2017,5614.0775
14.10.2017,5785.7383
15.10.2017,5689.8651
16.10.2017,5756.1488
17.10.2017,5590.4163
18.10.2017,5583.8704
19.10.2017,5708.313
20.10.2017,6000.8831
21.10.2017,6030.2079
22.10.2017,5996.5981
23.10.2017,5888.25
24.10.2017,5517.7754
25.10.2017,5736.0178
26.10.2017,5900.3177
27.10.2017,5771.945
28.10.2017,5762.3886
29.10.2017,6174.7288
30.10.2017,6119.2564
31.10.2017,6428.5146
01.11.2017,6726.4118
02.11.2017,7043.7779
03.11.2017,7198.6321
04.11.2017,7420.4981
05.11.2017,7371.139
06.11.2017,6985.2638
07.11.2017,7118.2025
08.11.2017,7451.2128
09.11.2017,7117.738
10.11.2017,6620.5673
11.11.2017,6346.7214
12.11.2017,5829.0978
13.11.2017,6519.4452
14.11.2017,6592.3744
15.11.2017,7257.3732
16.11.2017,7833.7044
17.11.2017,7729.0333
18.11.2017,7796.1542
19.11.2017,8018.3207
20.11.2017,8269.8743
21.11.2017,8091.9981
22.11.2017,8249.5973
23.11.2017,8071.6698
24.11.2017,8232.4223
25.11.2017,8760.1654
26.11.2017,9319.9033
27.11.2017,9730.7286
28.11.2017,9932.1942
29.11.2017,9800.0276
30.11.2017,9996.715
01.12.2017,10808.9583
02.12.2017,10934.86
03.12.2017,11213.9427
04.12.2017,11562.1286
05.12.2017,11736.7541
06.12.2017,13992.1323
07.12.2017,17032.2934
08.12.2017,16298.4873
09.12.2017,15050.022
10.12.2017,15474.9995
11.12.2017,16873.4978
12.12.2017,17433.9307
13.12.2017,16515.1526
14.12.2017,16602.8928
15.12.2017,17702.0022
16.12.2017,19640.5139
17.12.2017,19250.4677
18.12.2017,18982.025
19.12.2017,17653.3261
20.12.2017,16453.6273
21.12.2017,15633.8337
22.12.2017,14305.7183
23.12.2017,14910.8581
24.12.2017,14026.3469
25.12.2017,14080.9423
26.12.2017,15727.1455
27.12.2017,15389.0006
28.12.2017,14289.4522
29.12.2017,14571.7461
30.12.2017,12948.7159
31.12.2017,13921.4806
01.01.2018,13464.6536
02.01.2018,14754.3222
03.01.2018,15010.2862
04.01.2018,15070.3008
05.01.2018,16997.2274
06.01.2018,17103.5893
07.01.2018,16231.695
08.01.2018,14937.4151
09.01.2018,14378.5862
10.01.2018,14669.0883
11.01.2018,13186.7549
12.01.2018,13789.4437
13.01.2018,14231.2251
14.01.2018,13681.0655
15.01.2018,13591.6962
16.01.2018,11431.0401
17.01.2018,11159.6086
18.01.2018,11246.0397
19.01.2018,11440.2556
20.01.2018,12768.4046
21.01.2018,11422.3943
22.01.2018,10737.3506
23.01.2018,10849.3919
24.01.2018,11225.8962
25.01.2018,11130.4649
26.01.2018,11035.5546
27.01.2018,11320.9702
28.01.2018,11615.9587
29.01.2018,11132.5543
30.01.2018,9959.5467
31.01.2018,10050.0958
01.02.2018,9039.8651
02.02.2018,8786.0774
03.02.2018,9132.1003
04.02.2018,8250.5269
05.02.2018,6849.5426
06.02.2018,7738.644
07.02.2018,7624.5954
08.02.2018,8218.5809
09.02.2018,8660.4535
10.02.2018,8530.2928
11.02.2018,8096.7285
12.02.2018,8907.6702
13.02.2018,8523.9669
14.02.2018,9467.301
15.02.2018,10106.7331
16.02.2018,10189.3165
17.02.2018,11085.5984
18.02.2018,10452.092
19.02.2018,11139.3557
20.02.2018,11245.9323
21.02.2018,10458.8651
22.02.2018,9878.1589
23.02.2018,10159.0656
24.02.2018,9686.6018
25.02.2018,9603.2275
26.02.2018,10312.3657
27.02.2018,10654.1073
28.02.2018,10307.025
01.03.2018,10923.6309
02.03.2018,11014.0585
03.03.2018,11425.6806
04.03.2018,11462.5832
05.03.2018,11540.6623
06.03.2018,10677.0352
07.03.2018,9903.085
08.03.2018,9330.4755
09.03.2018,9278.1392
10.03.2018,8786.5604
11.03.2018,9513.5354
12.03.2018,9147.8902
13.03.2018,9160.5429
14.03.2018,8222.1272
15.03.2018,8268.5891
16.03.2018,8376.9045
17.03.2018,7881.6619
18.03.2018,8189.0167
19.03.2018,8537.0156
20.03.2018,8895.5472
21.03.2018,8879.5943
22.03.2018,8710.6649
23.03.2018,8771.7463
24.03.2018,8610.9885
25.03.2018,8440.6109
26.03.2018,8171.1844
27.03.2018,7837.2653
28.03.2018,7933.6427
29.03.2018,7108.5708
30.03.2018,6832.1491
31.03.2018,6922.2813
01.04.2018,6804.5249
02.04.2018,7033.2596
03.04.2018,7420.8005
04.04.2018,6780.5436
05.04.2018,6798.4226
06.04.2018,6610.4923
07.04.2018,6886.4695
08.04.2018,7009.9961
09.04.2018,6736.8928
10.04.2018,6816.7186
11.04.2018,6944.7859
12.04.2018,7904.3303
13.04.2018,7919.0647
14.04.2018,8006.4179
15.04.2018,8342.2711
16.04.2018,8046.9821
17.04.2018,7887.738
18.04.2018,8162.8349
19.04.2018,8272.9673
20.04.2018,8839.5011
21.04.2018,8863.5408
22.04.2018,8800.9591
23.04.2018,8930.7846
24.04.2018,9652.2138
25.04.2018,8855.5089
26.04.2018,9264.7274
27.04.2018,8981.3308
28.04.2018,9341.8247
29.04.2018,9396.9976
30.04.2018,9228.7265
01.05.2018,9072.1688
02.05.2018,9204.1276
03.05.2018,9750.7001
04.05.2018,9696.6429
05.05.2018,9795.9258
06.05.2018,9595.0868
07.05.2018,9339.5108
08.05.2018,9212.3696
09.05.2018,9293.0423
10.05.2018,9037.5305
11.05.2018,8419.7586
12.05.2018,8485.7753
13.05.2018,8695.8331
14.05.2018,8671.0742
15.05.2018,8488.4634
16.05.2018,8327.7562
17.05.2018,8050.5162
18.05.2018,8233.0865
19.05.2018,8229.4829
20.05.2018,8511.4488
21.05.2018,8398.6231
22.05.2018,8007.5265
23.05.2018,7520.8677
24.05.2018,7575.6245
25.05.2018,7425.3757
26.05.2018,7326.3032
27.05.2018,7338.193
28.05.2018,7110.8239
29.05.2018,7453.6337
30.05.2018,7374.669
31.05.2018,7478.7419
01.06.2018,7519.8357
02.06.2018,7637.4483
03.06.2018,7702.1579
04.06.2018,7486.6532
05.06.2018,7611.1499
06.06.2018,7650.7758
07.06.2018,7665.9479
08.06.2018,7622.6023
09.06.2018,7556.1717
10.06.2018,6744.7358
11.06.2018,6849.4527
12.06.2018,6526.6997
13.06.2018,6306.5132
14.06.2018,6629.7701
15.06.2018,6399.674
16.06.2018,6495.3153
17.06.2018,6450.694
18.06.2018,6703.8126
19.06.2018,6732.5088
20.06.2018,6753.2068
21.06.2018,6720.3732
22.06.2018,6059.5759
23.06.2018,6174.2258
24.06.2018,6146.4872
25.06.2018,6243.5354
26.06.2018,6096.1288
27.06.2018,6139.1897
28.06.2018,5858.6358
29.06.2018,6220.9137
30.06.2018,6375.5412
01.07.2018,6361.4025
02.07.2018,6608.3672
03.07.2018,6498.3079
04.07.2018,6579.3334
05.07.2018,6535.2984
06.07.2018,6598.4591
07.07.2018,6737.8561
08.07.2018,6704.92
09.07.2018,6664.0241
10.07.2018,6309.084
11.07.2018,6377.9765
12.07.2018,6159.4667
13.07.2018,6208.9856
14.07.2018,6255.1125
15.07.2018,6347.6043
16.07.2018,6710.8074
17.07.2018,7320.5948
18.07.2018,7376.0383
19.07.2018,7467.0343
20.07.2018,7327.2567
21.07.2018,7410.5656
22.07.2018,7399.4837
23.07.2018,7716.1586
24.07.2018,8397.6165
25.07.2018,8202.7204
26.07.2018,7913.9308
27.07.2018,8173.7746
28.07.2018,8190.3601
29.07.2018,8229.6058
30.07.2018,8171.8395
31.07.2018,7725.133
01.08.2018,7596.698
02.08.2018,7542.6947
03.08.2018,7411.3443
04.08.2018,7002.2087
05.08.2018,7031.5878
06.08.2018,6929.9909
07.08.2018,6722.5784
08.08.2018,6267.3887
09.08.2018,6558.0969
10.08.2018,6135.7519
11.08.2018,6313.7493
12.08.2018,6314.6917
13.08.2018,6265.848
14.08.2018,6184.8291
15.08.2018,6270.2148
16.08.2018,6290.7505
17.08.2018,6563.0783
18.08.2018,6399.2874
19.08.2018,6490.7161
20.08.2018,6272.9527
21.08.2018,6473.076
22.08.2018,6365.0098
23.08.2018,6516.409
24.08.2018,6697.7319
25.08.2018,6745.4389
26.08.2018,6689.8693
27.08.2018,6839.159
28.08.2018,7092.9738
29.08.2018,7033.4281
30.08.2018,6966.9637
31.08.2018,7025.1408
01.09.2018,7192.3525
02.09.2018,7286.6678
03.09.2018,7257.4702
04.09.2018,7358.8115
05.09.2018,6790.8973
06.09.2018,6488.0759
07.09.2018,6408.6536
08.09.2018,6187.7905
09.09.2018,6249.2463
10.09.2018,6295.3886
11.09.2018,6278.4246
12.09.2018,6327.5364
13.09.2018,6490.9123
14.09.2018,6494.6955
15.09.2018,6524.1657
16.09.2018,6497.4047
17.09.2018,6258.5949
18.09.2018,6340.3478
19.09.2018,6383.9519
20.09.2018,6498.6071
21.09.2018,6741.1429
22.09.2018,6705.4761
23.09.2018,6703.1368
24.09.2018,6576.545
25.09.2018,6416.444
26.09.2018,6463.2504
27.09.2018,6677.9005
28.09.2018,6623.1262
29.09.2018,6584.4991
30.09.2018,6604.485
01.10.2018,6561.8138
02.10.2018,6508.7209
03.10.2018,6464.4568
04.10.2018,6545.2857
05.10.2018,6585.1496
06.10.2018,6550.4783
07.10.2018,6564.5683
08.10.2018,6604.6853
09.10.2018,6590.4286
10.10.2018,6529.1024
11.10.2018,6159.2516
12.10.2018,6191.6772
13.10.2018,6197.6857
14.10.2018,6182.8793
15.10.2018,6442.7154
16.10.2018,6461.9372
17.10.2018,6442.7307
18.10.2018,6396.4798
19.10.2018,6383.0778
20.10.2018,6408.2527
21.10.2018,6415.3405
22.10.2018,6408.0336
23.10.2018,6395.9877
24.10.2018,6413.8036
25.10.2018,6402.3249
26.10.2018,6404.1086
27.10.2018,6409.4053
28.10.2018,6406.6333
29.10.2018,6263.0417
30.10.2018,6272.1677
31.10.2018,6306.3169
01.11.2018,6342.9775
02.11.2018,6348.1686
03.11.2018,6332.4341
04.11.2018,6420.422
05.11.2018,6402.9468
06.11.2018,6441.1452
07.11.2018,6500.8698
08.11.2018,6406.7529
09.11.2018,6331.3788
10.11.2018,6353.1127
11.11.2018,6335.4142
12.11.2018,6320.6561
13.11.2018,6267.938
14.11.2018,5574.2583
15.11.2018,5538.5606
16.11.2018,5496.0162
17.11.2018,5501.0923
18.11.2018,5555.3763
19.11.2018,4792.2
20.11.2018,4317.5307
21.11.2018,4549.322
22.11.2018,4303.6155
23.11.2018,4289.8929
24.11.2018,3806.3169
25.11.2018,3946.8509
26.11.2018,3700.286
27.11.2018,3776.5559
28.11.2018,4208.4753
29.11.2018,4239.0395
30.11.2018,3973.3341
01.12.2018,4148.0737
02.12.2018,4098.7468
03.12.2018,3843.9767
04.12.2018,3892.9516
05.12.2018,3709.5209
06.12.2018,3511.969
07.12.2018,3372.9957
08.12.2018,3407.9512
09.12.2018,3540.4396
10.12.2018,3413.5926
11.12.2018,3352.5642
12.12.2018,3423.0129
13.12.2018,3260.3416
14.12.2018,3198.9475
15.12.2018,3185.074
16.12.2018,3195.4146
17.12.2018,3499.1565
18.12.2018,3659.5274
19.12.2018,3697.7253
20.12.2018,4067.7377
21.12.2018,3839.0851
22.12.2018,3964.9461
23.12.2018,3942.667
24.12.2018,4040.0458
25.12.2018,3761.584
26.12.2018,3807.6575
27.12.2018,3585.4605
28.12.2018,3881.0549
29.12.2018,3823.1383
30.12.2018,3825.4075
31.12.2018,3687.1999
01.01.2019,3808.1178
02.01.2019,3898.1975
03.01.2019,3784.3886
04.01.2019,3827.5246
05.01.2019,3798.614
06.01.2019,4045.9938
07.01.2019,4001.0183
08.01.2019,3992.6228
09.01.2019,4004.259
10.01.2019,3627.9035
11.01.2019,3624.1614
12.01.2019,3617.0221
13.01.2019,3508.6701
14.01.2019,3666.9452
15.01.2019,3581.293
16.01.2019,3606.9866
17.01.2019,3640.1291
18.01.2019,3609.4267
19.01.2019,3687.302
20.01.2019,3538.3137
21.01.2019,3535.6234
22.01.2019,3577.3083
23.01.2019,3551.8938
24.01.2019,3567.5889
25.01.2019,3561.3505
26.01.2019,3557.0399
27.01.2019,3537.6141
28.01.2019,3435.0525
29.01.2019,3395.8238
30.01.2019,3437.8959
31.01.2019,3410.1316
01.02.2019,3445.0499
02.02.2019,3461.9351
03.02.2019,3413.0216
04.02.2019,3411.388
05.02.2019,3426.465
06.02.2019,3367.5064
07.02.2019,3358.8736
08.02.2019,3612.4796
09.02.2019,3621.2681
10.02.2019,3642.0224
11.02.2019,3590.6185
12.02.2019,3587.9025
13.02.2019,3576.0854
14.02.2019,3561.9164
15.02.2019,3565.0069
16.02.2019,3584.736
17.02.2019,3622.7574
18.02.2019,3866.1292
19.02.2019,3895.4352
20.02.2019,3931.6138
21.02.2019,3892.2618
22.02.2019,3948.3005
23.02.2019,4110.1511
24.02.2019,3754.1838
25.02.2019,3822.0187
26.02.2019,3796.1751
27.02.2019,3799.382
28.02.2019,3792.9477
01.03.2019,3810.6327
02.03.2019,3809.6434
03.03.2019,3782.3819
04.03.2019,3698.1619
05.03.2019,3840.128
06.03.2019,3851.9984
07.03.2019,3855.9232
08.03.2019,3839.2336
09.03.2019,3910.3612
10.03.2019,3903.912
11.03.2019,3851.5689
12.03.2019,3858.9148
13.03.2019,3851.9575
14.03.2019,3853.7833
15.03.2019,3901.9142
16.03.2019,3989.7961
17.03.2019,3967.1435
18.03.2019,3969.4401
19.03.2019,3996.1679
20.03.2019,4030.6553
21.03.2019,3976.2739
22.03.2019,3983.8876
23.03.2019,3981.776
24.03.2019,3970.667
25.03.2019,3908.2388
26.03.2019,3917.7634
27.03.2019,4027.0079
28.03.2019,4010.9375
29.03.2019,4089.461
30.03.2019,4091.891
31.03.2019,4094.3178
01.04.2019,4138.4178
02.04.2019,4903.7195
03.04.2019,4960.2276
04.04.2019,4911.2697
05.04.2019,5033.2255
06.04.2019,5044.3568
07.04.2019,5189.112
08.04.2019,5283.423
09.04.2019,5195.5779
10.04.2019,5311.7416
11.04.2019,5050.666
12.04.2019,5082.8614
13.04.2019,5074.7907
14.04.2019,5156.804
15.04.2019,5042.8977
16.04.2019,5205.963
17.04.2019,5226.3522
18.04.2019,5278.5023
19.04.2019,5289.9512
20.04.2019,5313.9733
21.04.2019,5295.7338
22.04.2019,5383.8
23.04.2019,5544.8627
24.04.2019,5431.9479
25.04.2019,5127.6732
26.04.2019,5150.1647
27.04.2019,5181.8078
28.04.2019,5148.6696
29.04.2019,5148.8005
30.04.2019,5266.6182
01.05.2019,5315.1753
02.05.2019,5393.1294
03.05.2019,5658.4304
04.05.2019,5774.7124
05.05.2019,5728.3517
06.05.2019,5691.6884
07.05.2019,5825.7449
08.05.2019,5931.8006
09.05.2019,6150.1404
10.05.2019,6357.4635
11.05.2019,7325.0829
12.05.2019,6942.6232
13.05.2019,7798.9057
14.05.2019,7955.5577
15.05.2019,8215.2068
16.05.2019,7862.0716
17.05.2019,7326.9207
18.05.2019,7277.9876
19.05.2019,8219.7428
20.05.2019,7981.1394
21.05.2019,7983.8085
22.05.2019,7667.9021
23.05.2019,7897.4713
24.05.2019,7987.1004
25.05.2019,8061.5918
26.05.2019,8731.525
27.05.2019,8816.7867
28.05.2019,8719.1258
29.05.2019,8655.4885
30.05.2019,8271.622
31.05.2019,8556.2222
01.06.2019,8554.8073
02.06.2019,8744.3537
03.06.2019,8173.4013
04.06.2019,7649.9393
05.06.2019,7798.5445
06.06.2019,7776.7133
07.06.2019,8023.9501
08.06.2019,7939.8052
09.06.2019,7634.0658
10.06.2019,7993.3025
11.06.2019,7922.4836
12.06.2019,8146.7561
13.06.2019,8232.7773
14.06.2019,8698.0048
15.06.2019,8850.5848
16.06.2019,9019.517
17.06.2019,9340.5722
18.06.2019,9047.1327
19.06.2019,9285.0557
20.06.2019,9546.7198
21.06.2019,10083.4863
22.06.2019,10685.2952
23.06.2019,10794.4277
24.06.2019,11004.2069
25.06.2019,11726.2638
26.06.2019,12863.4607
27.06.2019,11109.7978
28.06.2019,12358.208
29.06.2019,11944.3515
30.06.2019,10842.6167
01.07.2019,10569.5517
02.07.2019,10766.0833
03.07.2019,11952.0249
04.07.2019,11177.0104
05.07.2019,10998.3991
06.07.2019,11208.2256
07.07.2019,11456.1836
08.07.2019,12319.6229
09.07.2019,12579.1076
10.07.2019,12106.7829
11.07.2019,11294.678
12.07.2019,11813.3237
13.07.2019,11346.8371
14.07.2019,10283.0758
15.07.2019,10926.3803
16.07.2019,9471.1409
17.07.2019,9674.8825
18.07.2019,10679.8907
19.07.2019,10532.2027
20.07.2019,10862.6485
21.07.2019,10589.7065
22.07.2019,10318.5609
23.07.2019,9866.6489
24.07.2019,9792.7875
25.07.2019,9897.1868
26.07.2019,9836.6968
27.07.2019,9446.6721
28.07.2019,9529.7888
29.07.2019,9504.1589
30.07.2019,9589.1092
31.07.2019,10059.004
01.08.2019,10400.307
02.08.2019,10529.6945
03.08.2019,10810.4217
04.08.2019,10986.5089
05.08.2019,11790.0239
06.08.2019,11423.497
07.08.2019,11967.2735
08.08.2019,11938.2346
09.08.2019,11858.3411
10.08.2019,11303.7306
11.08.2019,11530.1952
12.08.2019,11384.6962
13.08.2019,10867.0548
14.08.2019,10024.3796
15.08.2019,10310.0859
16.08.2019,10373.3219
17.08.2019,10207.1556
18.08.2019,10331.31
19.08.2019,10884.6298
20.08.2019,10771.3924
21.08.2019,10096.8302
22.08.2019,10119.7145
23.08.2019,10414.1442
24.08.2019,10147.0872
25.08.2019,10100.3568
26.08.2019,10362.6435
27.08.2019,10168.2216
28.08.2019,9724.8
29.08.2019,9482.3117
30.08.2019,9577.6788
31.08.2019,9605.0245
01.09.2019,9762.9366
02.09.2019,10377.3384
03.09.2019,10618.7815
04.09.2019,10577.2411
05.09.2019,10580.1847
06.09.2019,10330.8497
07.09.2019,10494.507
08.09.2019,10407.2657
09.09.2019,10332.4644
10.09.2019,10085.9519
11.09.2019,10142.1481
12.09.2019,10403.36
13.09.2019,10345.3387
14.09.2019,10363.4529
15.09.2019,10306.1697
16.09.2019,10257.8228
17.09.2019,10195.6112
18.09.2019,10161.3189
19.09.2019,10268.3926
20.09.2019,10170.1251
21.09.2019,9986.4061
22.09.2019,10047.0135
23.09.2019,9692.741
24.09.2019,8613.6712
25.09.2019,8424.1576
26.09.2019,8091.6953
27.09.2019,8186.7796
28.09.2019,8201.979
29.09.2019,8064.5081
30.09.2019,8282.3655
01.10.2019,8314.5514
02.10.2019,8362.5307
03.10.2019,8254.3399
04.10.2019,8165.6862
05.10.2019,8141.6337
06.10.2019,7854.6098
07.10.2019,8226.0234
08.10.2019,8190.1151
09.10.2019,8598.3319
10.10.2019,8578.0904
11.10.2019,8289.854
12.10.2019,8323.7501
13.10.2019,8291.2507
14.10.2019,8346.3684
15.10.2019,8160.7126
16.10.2019,8003.8559
17.10.2019,8072.4894
18.10.2019,7959.332
19.10.2019,7948.4773
20.10.2019,8213.709
21.10.2019,8211.6546
22.10.2019,8029.2054
23.10.2019,7458.0359
24.10.2019,7454.3711
25.10.2019,8656.6552
26.10.2019,9249.6468
27.10.2019,9558.156
28.10.2019,9319.1781
29.10.2019,9431.20709999999
30.10.2019,9182.8551
31.10.2019,9155.2773
01.11.2019,9251.3813
02.11.2019,9300.1908
03.11.2019,9209.6387
04.11.2019,9418.3601
05.11.2019,9330.7872
06.11.2019,9354.9334
07.11.2019,9210.7482
08.11.2019,8791.3339
09.11.2019,8810.7846
10.11.2019,9042.8907
11.11.2019,8713.2079
12.11.2019,8788.9581
13.11.2019,8766.7294
14.11.2019,8645.4358
15.11.2019,8465.8779
16.11.2019,8477.6902
17.11.2019,8505.1612
18.11.2019,8183.5334
19.11.2019,8116.8207
20.11.2019,8076.5547
21.11.2019,7612.2775
22.11.2019,7277.5243
23.11.2019,7324.8362
24.11.2019,6943.3807
25.11.2019,7139.0447
26.11.2019,7165.4377
27.11.2019,7526.8638
28.11.2019,7436.3364
29.11.2019,7747.738
30.11.2019,7556.1937
01.12.2019,7417.7272
02.12.2019,7318.3125
03.12.2019,7306.4462
04.12.2019,7215.0203
05.12.2019,7404.0868
06.12.2019,7534.2084
07.12.2019,7512.0614
08.12.2019,7528.9403
09.12.2019,7340.2275
10.12.2019,7232.0918
11.12.2019,7200.4644
12.12.2019,7192.849
13.12.2019,7244.9037
14.12.2019,7071.1071
15.12.2019,7111.2867
16.12.2019,6882.3958
17.12.2019,6608.962
18.12.2019,7284.6255
19.12.2019,7146.1676
20.12.2019,7184.2192
21.12.2019,7140.298
22.12.2019,7479.4024
23.12.2019,7321.7487
24.12.2019,7235.6291
25.12.2019,7191.1742
26.12.2019,7194.6398
27.12.2019,7237.1504
28.12.2019,7306.6433
29.12.2019,7391.5785
30.12.2019,7229.3971
31.12.2019,7167.3951
01.01.2020,7170.6319
02.01.2020,6946.8253
03.01.2020,7315.3094
04.01.2020,7343.1642
05.01.2020,7345.5307
06.01.2020,7765.7977
07.01.2020,8136.0868
08.01.2020,8059.6995
09.01.2020,7817.1361
10.01.2020,8129.8179
11.01.2020,8032.0055
12.01.2020,8164.55
13.01.2020,8121.9257
14.01.2020,8830.1679
15.01.2020,8811.4482
16.01.2020,8718.687
17.01.2020,8912.5419
18.01.2020,8928.1808
19.01.2020,8687.3548
20.01.2020,8636.2588
21.01.2020,8730.8676
22.01.2020,8647.9005
23.01.2020,8366.3846
24.01.2020,8423.391
25.01.2020,8344.7746
26.01.2020,8573.8748
27.01.2020,8901.9593
28.01.2020,9297.3883
29.01.2020,9311.9475
30.01.2020,9508.921
31.01.2020,9357.2848
01.02.2020,9381.886
02.02.2020,9339.3871
03.02.2020,9279.8125
04.02.2020,9161.6272
05.02.2020,9628.1368
06.02.2020,9739.2804
07.02.2020,9800.2794
08.02.2020,9911.2934
09.02.2020,10151.0832
10.02.2020,9872.3619
11.02.2020,10272.2226
12.02.2020,10360.1352
13.02.2020,10235.4973
14.02.2020,10361.6157
15.02.2020,9911.7243
16.02.2020,9952.0466
17.02.2020,9683.0796
18.02.2020,10195.3038
19.02.2020,9636.0023
20.02.2020,9614.0301
21.02.2020,9701.7975
22.02.2020,9675.2491
23.02.2020,9972.8424
24.02.2020,9648.0079
25.02.2020,9344.2871
26.02.2020,8798.8889
27.02.2020,8779.0295
28.02.2020,8750.5934
29.02.2020,8582.0903
01.03.2020,8541.7739
02.03.2020,8906.2148
03.03.2020,8768.8106
04.03.2020,8756.3696
05.03.2020,9062.6158
06.03.2020,9147.0851
07.03.2020,8898.307
08.03.2020,8109.6145
09.03.2020,7896.3853
10.03.2020,7909.9279
11.03.2020,7939.3413
12.03.2020,4959.3134
13.03.2020,5627.6924
14.03.2020,5145.1725
15.03.2020,5358.6107
16.03.2020,5012.9274
17.03.2020,5416.7547
18.03.2020,5392.4878
19.03.2020,6203.5516
20.03.2020,6174.1495
21.03.2020,6175.831
22.03.2020,5830.561
23.03.2020,6486.4087
24.03.2020,6775.0576
25.03.2020,6689.969
26.03.2020,6754.4603
27.03.2020,6490.7954
28.03.2020,6231.8199
29.03.2020,5904.8576
30.03.2020,6436.9057
31.03.2020,6432.3832
01.04.2020,6643.11
02.04.2020,6792.7422
03.04.2020,6751.9026
04.04.2020,6859.9892
05.04.2020,6790.8125
06.04.2020,7298.1737
07.04.2020,7187.5933
08.04.2020,7372.1948
09.04.2020,7299.5792
10.04.2020,6859.8227
11.04.2020,6883.1822
12.04.2020,6978.6663
13.04.2020,6863.5755
14.04.2020,6875.5385
15.04.2020,6625.4758
16.04.2020,7127.7923
17.04.2020,7081.3952
18.04.2020,7262.7923
19.04.2020,7150.2442
20.04.2020,6853.2734
21.04.2020,6870.4237
22.04.2020,7123.6569
23.04.2020,7488.6052
24.04.2020,7506.4433
25.04.2020,7537.7382
26.04.2020,7684.0685
27.04.2020,7777.4915
28.04.2020,7769.8997
29.04.2020,8761.8372
30.04.2020,8652.411
01.05.2020,8855.5353
02.05.2020,8977.2817
03.05.2020,8896.7956
04.05.2020,8881.9543
05.05.2020,8985.8796
06.05.2020,9266.8131
07.05.2020,9993.7532
08.05.2020,9859.3236
09.05.2020,9577.3389
10.05.2020,8715.0333
11.05.2020,8591.6529
12.05.2020,8817.2507
13.05.2020,9322.9972
14.05.2020,9801.2695
15.05.2020,9326.8759
16.05.2020,9395.4754
17.05.2020,9682.5325
18.05.2020,9726.85
19.05.2020,9754.2015
20.05.2020,9515.7026
21.05.2020,9068.8012
22.05.2020,9161.815
23.05.2020,9183.6621
24.05.2020,8806.2307
25.05.2020,8909.1926
26.05.2020,8835.1373
27.05.2020,9169.0574
28.05.2020,9568.2619
29.05.2020,9432.4133
30.05.2020,9691.6805
31.05.2020,9433.9438
01.06.2020,10199.1351
02.06.2020,9512.3465
03.06.2020,9642.2734
04.06.2020,9813.3607
05.06.2020,9641.8916
06.06.2020,9668.6705
07.06.2020,9747.5801
08.06.2020,9769.3424
09.06.2020,9779.4222
10.06.2020,9888.4442
11.06.2020,9277.4512
12.06.2020,9456.1615
13.06.2020,9461.3338
14.06.2020,9342.9556
15.06.2020,9441.3832
16.06.2020,9520.0919
17.06.2020,9448.6936
18.06.2020,9389.9908
19.06.2020,9285.9916
20.06.2020,9357.2925
21.06.2020,9284.7694
22.06.2020,9684.6202
23.06.2020,9611.726
24.06.2020,9292.9435
25.06.2020,9247.1214
26.06.2020,9159.4378
27.06.2020,9002.1656
28.06.2020,9108.0657
29.06.2020,9184.2474
30.06.2020,9143.9676
01.07.2020,9241.3396
02.07.2020,9094.3873
03.07.2020,9066.6907
04.07.2020,9126.2196
05.07.2020,9079.614
06.07.2020,9338.9426
07.07.2020,9252.1587
08.07.2020,9434.568
09.07.2020,9231.5023
10.07.2020,9285.221
11.07.2020,9237.171
12.07.2020,9289.098
13.07.2020,9236.6225
14.07.2020,9260.357
15.07.2020,9196.7256
16.07.2020,9132.5923
17.07.2020,9156.4687
18.07.2020,9175.9053
19.07.2020,9218.8423
20.07.2020,9167.1906
21.07.2020,9388.5743
22.07.2020,9531.2574
23.07.2020,9609.1667
24.07.2020,9548.1007
25.07.2020,9702.4528
26.07.2020,9933.9066
27.07.2020,11046.5083
28.07.2020,10944.613
29.07.2020,11115.7713
30.07.2020,11135.3907
31.07.2020,11338.1973
01.08.2020,11797.5820999999
02.08.2020,11094.0207
03.08.2020,11236.0957
04.08.2020,11202.6519
05.08.2020,11721.4385
06.08.2020,11769.3091
07.08.2020,11598.9691
08.08.2020,11743.0086
09.08.2020,11680.5174
10.08.2020,11870.3695
11.08.2020,11392.6441
12.08.2020,11575.5125
13.08.2020,11773.4481
14.08.2020,11774.4083
15.08.2020,11866.9104
16.08.2020,11899.6428
17.08.2020,12315.7624
18.08.2020,11992.696
19.08.2020,11736.8491
20.08.2020,11867.5203
21.08.2020,11524.6989
22.08.2020,11682.2891999999
23.08.2020,11665.6093
24.08.2020,11771.4081
25.08.2020,11358.4543
26.08.2020,11472.0491
27.08.2020,11314.6737
28.08.2020,11527.883
29.08.2020,11490.7623
30.08.2020,11698.9758
31.08.2020,11678.3482
01.09.2020,11970.3649
02.09.2020,11414.5209
03.09.2020,10261.4944
04.09.2020,10471.9664
05.09.2020,10128.6436
06.09.2020,10253.2999
07.09.2020,10367.8784
08.09.2020,10108.6355
09.09.2020,10223.1114
10.09.2020,10334.6307
11.09.2020,10387.0207
12.09.2020,10436.9778
13.09.2020,10322.5236
14.09.2020,10662.7199
15.09.2020,10779.381
16.09.2020,10968.3205
17.09.2020,10936.2928
18.09.2020,10920.1128
19.09.2020,11073.7795
20.09.2020,10921.2181
21.09.2020,10455.38
22.09.2020,10519.8392
23.09.2020,10233.2996
24.09.2020,10739.0427
25.09.2020,10683.6306
26.09.2020,10742.0304
27.09.2020,10758.8243
28.09.2020,10727.3751
29.09.2020,10841.1427
30.09.2020,10772.3518
01.10.2020,10606.6173
02.10.2020,10570.1057
03.10.2020,10555.7054
04.10.2020,10665.6186
05.10.2020,10772.6356
06.10.2020,10596.3735
07.10.2020,10667.1944
08.10.2020,10902.5294
09.10.2020,11074.1037
10.10.2020,11302.8543
11.10.2020,11378.2625
12.10.2020,11548.4016
13.10.2020,11434.9688
14.10.2020,11417.1081
15.10.2020,11502.5812
16.10.2020,11338.9872
17.10.2020,11362.8022
18.10.2020,11489.6226
19.10.2020,11745.812
20.10.2020,11929.4573
21.10.2020,12848.4906
22.10.2020,12997.4993
23.10.2020,12953.4297
24.10.2020,13113.8669
25.10.2020,13041.641
26.10.2020,13080.6562
27.10.2020,13675.5239
28.10.2020,13290.3288
29.10.2020,13475.2173
30.10.2020,13603.2961
31.10.2020,13807.2336
01.11.2020,13736.8994
02.11.2020,13595.5648
03.11.2020,13996.9154
04.11.2020,14129.1482
05.11.2020,15606.4668
06.11.2020,15618.9725
07.11.2020,14866.3563
08.11.2020,15500.0007
09.11.2020,15319.82
10.11.2020,15319.2757
11.11.2020,15731.2411
12.11.2020,16289.8149
13.11.2020,16330.0628
14.11.2020,16102.01
15.11.2020,15986.755
16.11.2020,16743.0539
17.11.2020,17682.1692
18.11.2020,17804.69
19.11.2020,17818.6687
20.11.2020,18663.7819
21.11.2020,18706.5893
22.11.2020,18482.6926
23.11.2020,18373.2578
24.11.2020,19150.251
25.11.2020,18748.3937
26.11.2020,17113.7169
27.11.2020,17101.603
28.11.2020,17745.3773
29.11.2020,18190.8669
30.11.2020,19664.4076
01.12.2020,18820.6078
02.12.2020,19214.8722
03.12.2020,19470.3112
04.12.2020,18732.9671
05.12.2020,19114.6331
06.12.2020,19356.3137
07.12.2020,19182.1768
08.12.2020,18340.9781
09.12.2020,18574.6967
10.12.2020,18294.847
11.12.2020,18061.76
12.12.2020,18813.2838
13.12.2020,19156.0825
14.12.2020,19286.7513
15.12.2020,19432.5885
16.12.2020,21370.7203
17.12.2020,22789.2674
18.12.2020,23048.7646
19.12.2020,23856.7735
20.12.2020,23528.5506
21.12.2020,22937.4183
22.12.2020,23756.8888
23.12.2020,23307.2709
24.12.2020,23707.633
25.12.2020,24669.1643
26.12.2020,26478.0681
27.12.2020,26430.8566
28.12.2020,27039.349
29.12.2020,27231.2035
30.12.2020,28844.6137
31.12.2020,29022.6714
01.01.2021,29380.6937
02.01.2021,32022.6811
03.01.2021,33277.8353
04.01.2021,31802.1467
05.01.2021,34013.1742
06.01.2021,36643.2777
07.01.2021,39215.6511
08.01.2021,40775.4046
09.01.2021,40370.6823
10.01.2021,38329.3402
11.01.2021,35269.5137
12.01.2021,33712.4685
13.01.2021,37296.5475
14.01.2021,39045.5183
15.01.2021,36710.3174
16.01.2021,36177.2611
17.01.2021,36069.9395
18.01.2021,36594.2964
19.01.2021,36250.1462
20.01.2021,35515.48
21.01.2021,31022.951
22.01.2021,32986.4358
23.01.2021,32036.2823
24.01.2021,32216.1043
25.01.2021,32419.7059
26.01.2021,32640.6391
27.01.2021,30358.9347
28.01.2021,33511.2876
29.01.2021,34166.1494
30.01.2021,34349.9171
31.01.2021,33157.8326
01.02.2021,33570.2718
02.02.2021,35596.1489
03.02.2021,37578.3732
04.02.2021,37129.2029
05.02.2021,38045.4136
06.02.2021,39341.7271
07.02.2021,39003.0121999999
08.02.2021,46121.9341
09.02.2021,46548.162
10.02.2021,45078.1284
11.02.2021,47892.8409
12.02.2021,47525.2091
13.02.2021,47208.625
14.02.2021,48829.8275
15.02.2021,48110.2417
16.02.2021,49140.3827
17.02.2021,52224.9391
18.02.2021,51650.0699
19.02.2021,55820.5044
20.02.2021,55861.8206
21.02.2021,57500.7161
22.02.2021,53952.1533
23.02.2021,48560.489
24.02.2021,49567.3457
25.02.2021,47568.1312
26.02.2021,46231.7676
27.02.2021,45834.5134
28.02.2021,45359.4642
01.03.2021,49634.4471
02.03.2021,48304.7055
03.03.2021,50690.4672
04.03.2021,48472.7955
05.03.2021,48800.8174
06.03.2021,48970.5245
07.03.2021,51086.4682
08.03.2021,52088.4751
09.03.2021,54739.1353
10.03.2021,56116.0409
11.03.2021,57847.2549
12.03.2021,57334.6415
13.03.2021,61288.7941
14.03.2021,59905.6185
15.03.2021,56121.1219
16.03.2021,56500.446
17.03.2021,58683.066
18.03.2021,57731.4798
19.03.2021,58168.1219
20.03.2021,58247.8847
21.03.2021,57447.933
22.03.2021,54453.1374
23.03.2021,54563.6119
24.03.2021,52595.4113
25.03.2021,51547.1249
26.03.2021,54817.8571
27.03.2021,56019.8373
28.03.2021,55713.0381
29.03.2021,57571.2333
30.03.2021,58684.5484
31.03.2021,58792.1948
01.04.2021,58818.9771
02.04.2021,59031.534
03.04.2021,57282.3896
04.04.2021,58202.1994
05.04.2021,58755.8525
06.04.2021,58084.0664
07.04.2021,56266.8347
08.04.2021,57963.3446
09.04.2021,58051.7626
10.04.2021,59651.559
11.04.2021,59932.9306
12.04.2021,59905.9364
13.04.2021,63445.6383
14.04.2021,62869.4956
15.04.2021,63231.163
16.04.2021,61571.1101
17.04.2021,60280.8762
18.04.2021,56389.558
19.04.2021,55798.1371
20.04.2021,56474.3738
21.04.2021,54025.7996
22.04.2021,51882.0598
23.04.2021,50954.9101
24.04.2021,50279.9484
25.04.2021,48946.9407
26.04.2021,53943.35
27.04.2021,55027.031
28.04.2021,54787.3787
29.04.2021,53567.0812
30.04.2021,57741.4444
01.05.2021,57863.5904
02.05.2021,56572.5968
03.05.2021,57243.0416
04.05.2021,53724.1089
05.05.2021,57342.0257
06.05.2021,56527.353
07.05.2021,57341.0685
08.05.2021,58736.1259
09.05.2021,58288.4256
10.05.2021,55902.9277
11.05.2021,56612.1026
12.05.2021,50972.3551
13.05.2021,49368.6145
14.05.2021,49997.3959
15.05.2021,47047.9633
16.05.2021,46022.5037
17.05.2021,43492.3955
18.05.2021,42789.8094
19.05.2021,37642.52
20.05.2021,40799.4021
21.05.2021,37174.3311
22.05.2021,37643.4198
23.05.2021,34774.2072
24.05.2021,38630.4091
25.05.2021,38269.7711
26.05.2021,39194.8589
27.05.2021,38510.857
28.05.2021,35596.718
29.05.2021,34681.8184
30.05.2021,35652.1688
31.05.2021,37312.9749
01.06.2021,36661.3781
02.06.2021,37639.4557
03.06.2021,39160.1504
04.06.2021,36884.3736
05.06.2021,35409.5672
06.06.2021,35720.6044
07.06.2021,33724.9078
08.06.2021,33475.0489
09.06.2021,37372.9888999999
10.06.2021,36826.0022
11.06.2021,37185.3931
12.06.2021,35669.1713
13.06.2021,38925.4194
14.06.2021,40455.596
15.06.2021,40254.6515
16.06.2021,38265.5438
17.06.2021,38018.6432
18.06.2021,35714.3121
19.06.2021,35555.9764
20.06.2021,35599.9419
21.06.2021,31715.1599
22.06.2021,32394.5556
23.06.2021,33610.4968
24.06.2021,34658.9729
25.06.2021,31683.5032
26.06.2021,31890.6764
27.06.2021,34506.4912
28.06.2021,34376.1885
29.06.2021,35933.7782
30.06.2021,35065.4662
01.07.2021,33505.0805
02.07.2021,33782.9459
03.07.2021,34588.2243
04.07.2021,35355.6079
05.07.2021,33911.7538
06.07.2021,34123.9816
07.07.2021,33931.6186
08.07.2021,32819.6595
09.07.2021,33914.8811
10.07.2021,33610.9458
11.07.2021,34258.4414
12.07.2021,33135.2359
13.07.2021,32641.976
14.07.2021,32798.2845
15.07.2021,31707.69
16.07.2021,31455.7176
17.07.2021,31547.9512
18.07.2021,31707.7039
19.07.2021,30883.4697
20.07.2021,29766.6577
21.07.2021,32119.6572
22.07.2021,32306.9614
23.07.2021,33439.5957
24.07.2021,34166.9147
25.07.2021,35119.9374
26.07.2021,37444.7825
27.07.2021,39126.5403
28.07.2021,39939.194
29.07.2021,40086.1644
30.07.2021,41789.6671
31.07.2021,41793.3137
01.08.2021,39968.969
02.08.2021,39304.1863
03.08.2021,38288.8254
04.08.2021,39773.9113
05.08.2021,40941.6504
06.08.2021,42790.3573
07.08.2021,44484.9006
08.08.2021,43972.301
09.08.2021,46265.6425
10.08.2021,45488.7913
11.08.2021,45676.3264
12.08.2021,44405.7483
13.08.2021,47717.4854
14.08.2021,47124.2051
15.08.2021,47074.3707
16.08.2021,45984.7199
17.08.2021,44714.0968
18.08.2021,44954.3637
19.08.2021,46646.8615
20.08.2021,49240.8356
21.08.2021,49070.241
22.08.2021,49363.3161
23.08.2021,49590.8764
24.08.2021,47925.8622
25.08.2021,49002.3166
26.08.2021,47190.345
27.08.2021,49048.4756
28.08.2021,48852.4688
29.08.2021,48948.3479999999
30.08.2021,47125.7685
31.08.2021,47219.2443
01.09.2021,48688.5376
02.09.2021,49369.5863
03.09.2021,49860.5342
04.09.2021,49919.5776
05.09.2021,51747.6439
06.09.2021,52640.5884
07.09.2021,46854.4006
08.09.2021,46187.9757
09.09.2021,46448.7748
10.09.2021,44765.2756
11.09.2021,45098.5916
12.09.2021,46180.6125
13.09.2021,44991.5221
14.09.2021,47022.6178
15.09.2021,48167.1894
16.09.2021,47797.3283
17.09.2021,47213.7941
18.09.2021,48204.0137
19.09.2021,47218.474
20.09.2021,42855.5103
21.09.2021,40526.4894
22.09.2021,43577.5725
23.09.2021,44861.298
24.09.2021,42803.3077
25.09.2021,42735.2658
26.09.2021,43131.2942
27.09.2021,42496.7852
28.09.2021,41223.7863
29.09.2021,41453.947
30.09.2021,43781.546
01.10.2021,48078.1316
02.10.2021,47792.4392
03.10.2021,48202.6229
04.10.2021,49288.5013
05.10.2021,51558.0493
06.10.2021,55419.8004
07.10.2021,53805.1569
08.10.2021,53933.5276
09.10.2021,55010.9225
10.10.2021,54701.2797
11.10.2021,57289.1865
12.10.2021,56196.1813
13.10.2021,57348.8929
14.10.2021,57384.0369
15.10.2021,61446.084
16.10.2021,60932.0632
17.10.2021,61462.2224
18.10.2021,61977.0576
19.10.2021,64290.8978
20.10.2021,66061.7966
21.10.2021,62373.8856
22.10.2021,60750.9674
23.10.2021,61250.0826
24.10.2021,60865.4471
25.10.2021,63031.6729
26.10.2021,60393.9803
27.10.2021,58563.336
28.10.2021,60564.5721
29.10.2021,62230.8056
30.10.2021,61742.9165
31.10.2021,61432.9701
01.11.2021,61092.0951
02.11.2021,63024.7472
03.11.2021,62955.9818
04.11.2021,61393.89
05.11.2021,61005.8408
06.11.2021,61455.0536
07.11.2021,63043.8291
08.11.2021,67541.7555
09.11.2021,67095.5857
10.11.2021,64756.078
11.11.2021,64962.9313
12.11.2021,64078.968
13.11.2021,64397.7912
14.11.2021,65032.2257
15.11.2021,63753.5032
16.11.2021,60322.4979
17.11.2021,60154.3084
18.11.2021,56794.1556
19.11.2021,58014.073
20.11.2021,59749.4738
21.11.2021,59032.6241
22.11.2021,56383.5659
23.11.2021,57642.2658
24.11.2021,57141.8304
25.11.2021,59008.6555
26.11.2021,53800.6178
27.11.2021,54635.8825
28.11.2021,57248.5697
29.11.2021,57920.7107
30.11.2021,57097.0128
01.12.2021,57180.6098
02.12.2021,56582.8938
03.12.2021,53671.6161
04.12.2021,49159.7358
05.12.2021,49327.0936
06.12.2021,50535.4252
07.12.2021,50574.4728
08.12.2021,50500.6544
09.12.2021,47937.8228
10.12.2021,47437.229
11.12.2021,49321.7693
12.12.2021,50136.5723
13.12.2021,46785.3278
14.12.2021,48292.6823
15.12.2021,48830.6224
16.12.2021,47663.4691
17.12.2021,46334.4837
18.12.2021,46904.8737
19.12.2021,46876.4269
20.12.2021,46954.7635
21.12.2021,49082.0625
22.12.2021,48692.0987
23.12.2021,50712.9708
24.12.2021,50783.8344
25.12.2021,50590.4509
26.12.2021,50798.3066
27.12.2021,50796.3777
28.12.2021,47673.044
29.12.2021,46470.3216
30.12.2021,47102.463
31.12.2021,46355.1173
01.01.2022,47560.0094
02.01.2022,47352.5578
03.01.2022,46453.4324
04.01.2022,45905.9611
05.01.2022,43530.944
06.01.2022,43144.9653
07.01.2022,41512.7846
08.01.2022,41799.8129
09.01.2022,41886.4986
10.01.2022,41816.9511
11.01.2022,42768.1786
12.01.2022,43961.0265
13.01.2022,42626.8654
14.01.2022,43102.6476
15.01.2022,43206.6745
16.01.2022,43168.8597
17.01.2022,42211.2704
18.01.2022,42431.232
19.01.2022,41787.722
20.01.2022,40756.1262
21.01.2022,36492.2872
22.01.2022,34996.391
23.01.2022,36271.0503
24.01.2022,36659.7252
25.01.2022,36952.5868
26.01.2022,36825.8246
27.01.2022,37021.9371
28.01.2022,37768.8475
29.01.2022,38088.2912
30.01.2022,37983.5064
31.01.2022,38462.6724
01.02.2022,38787.9641
02.02.2022,36942.3307
03.02.2022,37057.6522
04.02.2022,41079.9061
05.02.2022,41508.5817
06.02.2022,42358.2252
07.02.2022,43888.9801
08.02.2022,44167.4448
09.02.2022,44405.0732
10.02.2022,43614.3427
11.02.2022,42357.3217
12.02.2022,42173.4594
13.02.2022,42195.5947
14.02.2022,42646.1619
15.02.2022,44511.9085
16.02.2022,44065.7093
17.02.2022,40610.0243
18.02.2022,40044.2205
19.02.2022,40095.8873
20.02.2022,38551.6225
21.02.2022,37098.036
22.02.2022,38202.5941
23.02.2022,37308.2687
24.02.2022,38283.7904
25.02.2022,39323.7702
26.02.2022,39056.5782
27.02.2022,37664.7793
28.02.2022,43179.2545
01.03.2022,44334.4576
02.03.2022,43984.5849
03.03.2022,42492.7745
04.03.2022,39106.4052
05.03.2022,39383.8848
06.03.2022,38399.3426
07.03.2022,38146.7343
08.03.2022,38725.4773
09.03.2022,41989.4028
10.03.2022,39482.2585
11.03.2022,38825.3644
12.03.2022,38951.13
13.03.2022,37808.3174
14.03.2022,39649.0453
15.03.2022,39356.8139
16.03.2022,41101.7686
17.03.2022,40966.4169
18.03.2022,41826.1161
19.03.2022,42193.1615
20.03.2022,41294.7235
21.03.2022,41064.4296
22.03.2022,42383.1695
23.03.2022,42734.2
24.03.2022,43974.5936
25.03.2022,44347.0343
26.03.2022,44519.9269
27.03.2022,46777.2056
28.03.2022,47223.6529
29.03.2022,47463.7097
30.03.2022,47123.2971
31.03.2022,45562.2107
01.04.2022,46250.3363
02.04.2022,45939.8973
03.04.2022,46440.5439
04.04.2022,46663.0042
05.04.2022,45693.0351
06.04.2022,43304.9372
07.04.2022,43569.0472
08.04.2022,42222.069
09.04.2022,42680.9947
10.04.2022,42264.4634
11.04.2022,39544.0252
12.04.2022,40096.367
13.04.2022,41152.7555
14.04.2022,39916.4964
15.04.2022,40527.332
16.04.2022,40439.5881
17.04.2022,39704.784
18.04.2022,40818.8786
19.04.2022,41489.6638
20.04.2022,41395.6445999999
21.04.2022,40457.4959
22.04.2022,39737.9735
23.04.2022,39582.4549
24.04.2022,39511.6457
25.04.2022,40473.7483
26.04.2022,38072.8009
27.04.2022,39218.5376
28.04.2022,39747.9894
29.04.2022,38609.5059
30.04.2022,37714.095
01.05.2022,38459.227
02.05.2022,38566.0629
03.05.2022,37704.4053
04.05.2022,39641.8522
05.05.2022,36502.0246
06.05.2022,36042.9996
07.05.2022,35508.711
08.05.2022,34058.9067
09.05.2022,30457.9218
10.05.2022,30990.7352
11.05.2022,28796.5568
12.05.2022,29030.707
13.05.2022,29285.9347
14.05.2022,30051.9358
15.05.2022,31182.6212
16.05.2022,29889.6125
17.05.2022,30438.1944
18.05.2022,28771.2205
19.05.2022,30257.8852
20.05.2022,29224.246
21.05.2022,29420.0783
22.05.2022,30331.8751
23.05.2022,29088.2515
24.05.2022,29643.6837999999
25.05.2022,29577.2599
26.05.2022,29332.486
27.05.2022,28612.0413
28.05.2022,29045.5206
29.05.2022,29430.069
30.05.2022,31735.955
31.05.2022,31831.4095
01.06.2022,29825.9222
02.06.2022,30504.268
03.06.2022,29662.671
04.06.2022,29792.4077
05.06.2022,29915.4093
06.06.2022,31333.677
07.06.2022,31175.0324
08.06.2022,30228.4647
09.06.2022,30064.4855
10.06.2022,29070.4
11.06.2022,28360.7899
12.06.2022,26830.2839
13.06.2022,22316.257
14.06.2022,22072.8663
15.06.2022,22520.791
16.06.2022,20310.177
17.06.2022,20464.9291
18.06.2022,19013.8673
19.06.2022,20492.2952
20.06.2022,20571.6292
21.06.2022,20688.4651
22.06.2022,20003.1683
23.06.2022,21097.1028
24.06.2022,21299.077
25.06.2022,21468.3432
26.06.2022,21066.6209
27.06.2022,20751.0517
28.06.2022,20263.2196
29.06.2022,20080.9481
30.06.2022,19332.9121
01.07.2022,19341.8631
02.07.2022,19231.8317
03.07.2022,19276.5147
04.07.2022,20226.2985
05.07.2022,20193.3428
06.07.2022,20560.8438
07.07.2022,21651.4191
08.07.2022,21813.7871
09.07.2022,21585.1322
10.07.2022,20831.2734
11.07.2022,19971.3295
12.07.2022,19339.1535
13.07.2022,20155.5278
14.07.2022,20552.899
15.07.2022,20831.7227
16.07.2022,21196.5091
17.07.2022,20827.8886
18.07.2022,22305.7066
19.07.2022,23371.2027
20.07.2022,23280.9357
21.07.2022,23152.4093
22.07.2022,22706.0836
23.07.2022,22484.4592
24.07.2022,22653.357
25.07.2022,21510.1256
26.07.2022,21181.6592
27.07.2022,22898.4151
28.07.2022,23838.5569
29.07.2022,23950.7404
30.07.2022,23623.435
31.07.2022,23356.1722
01.08.2022,23331.4427
02.08.2022,23031.4269
03.08.2022,22809.7474
04.08.2022,22628.3320999999
05.08.2022,23248.9715
06.08.2022,22996.275
07.08.2022,23153.6585
08.08.2022,23803.6505
09.08.2022,23186.2917
10.08.2022,23923.0585
11.08.2022,23934.4391
12.08.2022,24396.3087999999
13.08.2022,24426.2226
14.08.2022,24314.2021
15.08.2022,24083.954
16.08.2022,23868.8194
17.08.2022,23336.3489
18.08.2022,23221.1706
19.08.2022,20906.7663
20.08.2022,21146.6548
21.08.2022,21553.9962
22.08.2022,21301.0841
23.08.2022,21534.5144
24.08.2022,21424.9728
25.08.2022,21587.8396
26.08.2022,20246.1656
27.08.2022,20043.9909
28.08.2022,19673.5412
29.08.2022,20270.9604
30.08.2022,19825.4632
31.08.2022,20024.6716
01.09.2022,20105.4626
02.09.2022,19948.8567
03.09.2022,19803.8333
04.09.2022,19961.9119
05.09.2022,19797.7968
06.09.2022,18846.1505
07.09.2022,19292.9071
08.09.2022,19319.1249
09.09.2022,21363.1894
10.09.2022,21715.5973
11.09.2022,21732.8644
12.09.2022,22364.7236
13.09.2022,20165.0422
14.09.2022,20246.366
15.09.2022,19696.8699
16.09.2022,19741.5776
17.09.2022,20120.7023
18.09.2022,19427.1003
19.09.2022,19557.977
20.09.2022,18872.9499
21.09.2022,18506.7607
22.09.2022,19414.5396
23.09.2022,19326.8648
24.09.2022,18924.7678
25.09.2022,18793.1562
26.09.2022,19201.1317
27.09.2022,19106.7389
28.09.2022,19454.9372
29.09.2022,19540.8664
30.09.2022,19435.1947
01.10.2022,19311.8616
02.10.2022,19015.2928
03.10.2022,19633.4326
04.10.2022,20339.9713
05.10.2022,20155.0997
06.10.2022,19950.5478
07.10.2022,19539.1439
08.10.2022,19416.1772
09.10.2022,19428.3671
10.10.2022,19154.4042
11.10.2022,19039.2821
12.10.2022,19156.9116
13.10.2022,19387.8337
14.10.2022,19177.6941
15.10.2022,19069.8749
16.10.2022,19261.7498
17.10.2022,19557.0218
18.10.2022,19341.4076
19.10.2022,19132.1544
20.10.2022,19033.376
21.10.2022,19174.8763
22.10.2022,19207.6285
23.10.2022,19565.4123
24.10.2022,19341.4602
25.10.2022,20094.9611
26.10.2022,20797.0308
27.10.2022,20280.1751
28.10.2022,20604.6139
29.10.2022,20803.8999
30.10.2022,20616.7033999999
31.10.2022,20490.8582
01.11.2022,20483.9665
02.11.2022,20148.2846
03.11.2022,20198.1112
04.11.2022,21157.2449
05.11.2022,21283.4716
06.11.2022,20946.803
07.11.2022,20568.5651
08.11.2022,18520.9712
09.11.2022,15758.2913
10.11.2022,17541.5603
11.11.2022,16916.8506
12.11.2022,16771.2427
13.11.2022,16320.4983
14.11.2022,16629.4784
15.11.2022,16855.5938
16.11.2022,16659.6063
17.11.2022,16675.179
18.11.2022,16661.523
19.11.2022,16696.0041
20.11.2022,16246.8447
21.11.2022,15778.0174
22.11.2022,16172.8893
23.11.2022,16574.0617
24.11.2022,16583.5243
25.11.2022,16522.3888
26.11.2022,16448.6413
27.11.2022,16436.0708
28.11.2022,16212.5814
29.11.2022,16443.0368
30.11.2022,17176.8987
01.12.2022,16961.2918
02.12.2022,17075.1091
03.12.2022,16899.5074
04.12.2022,17121.715
05.12.2022,16961.3518
06.12.2022,17070.5158
07.12.2022,16848.2518
08.12.2022,17231.4563
09.12.2022,17136.149
10.12.2022,17124.2147
11.12.2022,17094.3607
12.12.2022,17195.525
13.12.2022,17781.3184
14.12.2022,17815.6504
15.12.2022,17364.8652
16.12.2022,16647.4844
17.12.2022,16795.0918
18.12.2022,16757.9766
19.12.2022,16439.6797
20.12.2022,16906.3047
21.12.2022,16817.5352
22.12.2022,16830.3418
23.12.2022,16796.9531
24.12.2022,16847.7559
25.12.2022,16841.9863
26.12.2022,16919.8047
27.12.2022,16717.1738
28.12.2022,16552.5723
29.12.2022,16642.3418
30.12.2022,16602.5859
31.12.2022,16547.4961
01.01.2023,16625.0801
02.01.2023,16688.4707
03.01.2023,16679.8574
04.01.2023,16863.2383
05.01.2023,16836.7363
06.01.2023,16951.9688
07.01.2023,16955.0781
08.01.2023,17091.1445
09.01.2023,17196.5547
10.01.2023,17446.293
11.01.2023,17934.8965
12.01.2023,18869.5879
13.01.2023,19909.5742
14.01.2023,20976.2988
15.01.2023,20880.7988
16.01.2023,21169.6328
17.01.2023,21161.5195
18.01.2023,20688.7813
19.01.2023,21086.793
20.01.2023,22676.5527
21.01.2023,22777.625
22.01.2023,22720.416
23.01.2023,22934.4316
24.01.2023,22636.4688
25.01.2023,23117.8594
26.01.2023,23032.7773
27.01.2023,23078.7285
28.01.2023,23031.0898
29.01.2023,23774.5664
30.01.2023,22840.1387
31.01.2023,23139.2832
01.02.2023,23723.7695
02.02.2023,23471.8711
03.02.2023,23449.3223
04.02.2023,23331.8477
05.02.2023,22955.666
06.02.2023,22760.1094
07.02.2023,23264.291
08.02.2023,22939.3984
09.02.2023,21819.0391
10.02.2023,21651.1836
11.02.2023,21870.875
12.02.2023,21788.2031
13.02.2023,21808.1016
14.02.2023,22220.8047
15.02.2023,24307.8418
16.02.2023,23623.4746
17.02.2023,24565.6016
18.02.2023,24641.2773
19.02.2023,24327.6426
20.02.2023,24829.1484
21.02.2023,24436.3535
22.02.2023,24188.8438
23.02.2023,23947.4922
24.02.2023,23198.127
25.02.2023,23175.375
26.02.2023,23561.2129
27.02.2023,23522.8711
28.02.2023,23147.3535
01.03.2023,23646.5508
02.03.2023,23475.4668
03.03.2023,22362.6797
04.03.2023,22353.3496
05.03.2023,22435.5137
06.03.2023,22429.7578
07.03.2023,22219.7695
08.03.2023,21718.0801
09.03.2023,20363.0215
10.03.2023,20187.2441
11.03.2023,20632.4102
12.03.2023,22163.9492
13.03.2023,24197.5332
14.03.2023,24746.0742
15.03.2023,24375.9609
16.03.2023,25052.7891
17.03.2023,27423.9297
18.03.2023,26965.8789
19.03.2023,28038.6758
20.03.2023,27767.2363
21.03.2023,28175.8164
22.03.2023,27307.4375
23.03.2023,28333.9727
24.03.2023,27493.2852
25.03.2023,27494.707
26.03.2023,27994.3301
27.03.2023,27139.8887
28.03.2023,27268.1309
29.03.2023,28348.4414
30.03.2023,28033.5625
31.03.2023,28478.4844
01.04.2023,28411.0352
02.04.2023,28199.3086
03.04.2023,27790.2207
04.04.2023,28168.0898
05.04.2023,28177.9844
06.04.2023,28044.1406
07.04.2023,27925.8594
08.04.2023,27947.7949
09.04.2023,28333.0508
10.04.2023,29652.9805
11.04.2023,30235.0586
12.04.2023,30139.0527
13.04.2023,30399.0664
14.04.2023,30485.6992
15.04.2023,30318.4961
16.04.2023,30315.3555
17.04.2023,29445.0449
18.04.2023,30397.5527
19.04.2023,28822.6797
20.04.2023,28245.9883
21.04.2023,27276.9102
22.04.2023,27817.5
23.04.2023,27591.3848
24.04.2023,27525.3398
25.04.2023,28307.5977
26.04.2023,28422.7012
27.04.2023,29473.7871
28.04.2023,29340.2617
29.04.2023,29248.4883
30.04.2023,29268.8066
01.05.2023,28091.5684
